"BusStopKeyName","Line","Days","Time","Comment","Direction"
"Balneario Thompson",6,"Habiles","05:10:00",,"Ida"
"Balneario Thompson",6,"Habiles","05:31:00",,"Ida"
"Balneario Thompson",6,"Habiles","05:51:00","por Paracao","Ida"
"Balneario Thompson",6,"Habiles","06:10:00",,"Ida"
"Balneario Thompson",6,"Habiles","06:24:00","por Paracao","Ida"
"Balneario Thompson",6,"Habiles","06:32:00",,"Ida"
"Balneario Thompson",6,"Habiles","06:44:00","por Paracao","Ida"
"Balneario Thompson",6,"Habiles","06:57:00",,"Ida"
"Balneario Thompson",6,"Habiles","07:08:00","por Paracao","Ida"
"Balneario Thompson",6,"Habiles","07:23:00",,"Ida"
"Balneario Thompson",6,"Habiles","07:36:00","por Paracao","Ida"
"Balneario Thompson",6,"Habiles","07:48:00",,"Ida"
"Balneario Thompson",6,"Habiles","08:00:00","por Paracao","Ida"
"Balneario Thompson",6,"Habiles","08:12:00",,"Ida"
"Balneario Thompson",6,"Habiles","08:23:00","por Paracao","Ida"
"Balneario Thompson",6,"Habiles","08:35:00",,"Ida"
"Balneario Thompson",6,"Habiles","08:47:00","por Paracao","Ida"
"Balneario Thompson",6,"Habiles","08:59:00",,"Ida"
"Balneario Thompson",6,"Habiles","09:11:00","por Paracao","Ida"
"Balneario Thompson",6,"Habiles","09:23:00",,"Ida"
"Balneario Thompson",6,"Habiles","09:34:00","por Paracao","Ida"
"Balneario Thompson",6,"Habiles","09:46:00",,"Ida"
"Balneario Thompson",6,"Habiles","09:58:00","por Paracao","Ida"
"Balneario Thompson",6,"Habiles","10:10:00",,"Ida"
"Balneario Thompson",6,"Habiles","10:22:00","por Paracao","Ida"
"Balneario Thompson",6,"Habiles","10:33:00",,"Ida"
"Balneario Thompson",6,"Habiles","10:45:00","por Paracao","Ida"
"Balneario Thompson",6,"Habiles","10:57:00",,"Ida"
"Balneario Thompson",6,"Habiles","11:09:00","por Paracao","Ida"
"Balneario Thompson",6,"Habiles","11:21:00",,"Ida"
"Balneario Thompson",6,"Habiles","11:32:00","por Paracao","Ida"
"Balneario Thompson",6,"Habiles","11:44:00",,"Ida"
"Balneario Thompson",6,"Habiles","11:56:00","por Paracao","Ida"
"Balneario Thompson",6,"Habiles","12:08:00",,"Ida"
"Balneario Thompson",6,"Habiles","12:20:00","por Paracao","Ida"
"Balneario Thompson",6,"Habiles","12:31:00",,"Ida"
"Balneario Thompson",6,"Habiles","12:43:00","por Paracao","Ida"
"Balneario Thompson",6,"Habiles","12:55:00",,"Ida"
"Balneario Thompson",6,"Habiles","13:07:00","por Paracao","Ida"
"Balneario Thompson",6,"Habiles","13:19:00",,"Ida"
"Balneario Thompson",6,"Habiles","13:27:00","por Paracao","Ida"
"Balneario Thompson",6,"Habiles","13:39:00",,"Ida"
"Balneario Thompson",6,"Habiles","13:55:00","por Paracao","Ida"
"Balneario Thompson",6,"Habiles","14:11:00",,"Ida"
"Balneario Thompson",6,"Habiles","14:27:00","por Paracao","Ida"
"Balneario Thompson",6,"Habiles","14:43:00",,"Ida"
"Balneario Thompson",6,"Habiles","14:59:00","por Paracao","Ida"
"Balneario Thompson",6,"Habiles","15:15:00",,"Ida"
"Balneario Thompson",6,"Habiles","15:31:00","por Paracao","Ida"
"Balneario Thompson",6,"Habiles","15:50:00",,"Ida"
"Balneario Thompson",6,"Habiles","16:06:00","por Paracao","Ida"
"Balneario Thompson",6,"Habiles","16:22:00",,"Ida"
"Balneario Thompson",6,"Habiles","16:37:00","por Paracao","Ida"
"Balneario Thompson",6,"Habiles","16:52:00",,"Ida"
"Balneario Thompson",6,"Habiles","17:04:00","por Paracao","Ida"
"Balneario Thompson",6,"Habiles","17:16:00",,"Ida"
"Balneario Thompson",6,"Habiles","17:28:00","por Paracao","Ida"
"Balneario Thompson",6,"Habiles","17:39:00",,"Ida"
"Balneario Thompson",6,"Habiles","17:51:00","por Paracao","Ida"
"Balneario Thompson",6,"Habiles","18:03:00",,"Ida"
"Balneario Thompson",6,"Habiles","18:15:00","por Paracao","Ida"
"Balneario Thompson",6,"Habiles","18:27:00",,"Ida"
"Balneario Thompson",6,"Habiles","18:38:00","por Paracao","Ida"
"Balneario Thompson",6,"Habiles","18:50:00",,"Ida"
"Balneario Thompson",6,"Habiles","19:02:00","por Paracao","Ida"
"Balneario Thompson",6,"Habiles","19:14:00",,"Ida"
"Balneario Thompson",6,"Habiles","19:26:00","por Paracao","Ida"
"Balneario Thompson",6,"Habiles","19:37:00",,"Ida"
"Balneario Thompson",6,"Habiles","19:49:00","por Paracao","Ida"
"Balneario Thompson",6,"Habiles","20:01:00",,"Ida"
"Balneario Thompson",6,"Habiles","20:12:00","por Paracao","Ida"
"Balneario Thompson",6,"Habiles","20:24:00",,"Ida"
"Balneario Thompson",6,"Habiles","20:35:00","por Paracao","Ida"
"Balneario Thompson",6,"Habiles","20:47:00",,"Ida"
"Balneario Thompson",6,"Habiles","21:07:00","por Paracao","Ida"
"Balneario Thompson",6,"Habiles","21:26:00",,"Ida"
"Balneario Thompson",6,"Habiles","21:50:00","por Paracao","Ida"
"Balneario Thompson",6,"Habiles","22:16:00",,"Ida"
"Balneario Thompson",6,"Habiles","22:41:00","por Paracao","Ida"
"Balneario Thompson",6,"Habiles","23:13:00",,"Ida"
"Balneario Thompson",6,"Habiles","23:45:00","por Paracao","Ida"
"Balneario Thompson",6,"Habiles","00:14:00",,"Ida"
"Balneario Thompson",6,"Habiles","00:39:00","por Paracao","Ida"
"Balneario Thompson",6,"Habiles","05:10:00",,"Vuelta"
"Balneario Thompson",6,"Habiles","05:31:00",,"Vuelta"
"Balneario Thompson",6,"Habiles","05:51:00","por Paracao","Vuelta"
"Balneario Thompson",6,"Habiles","06:10:00",,"Vuelta"
"Balneario Thompson",6,"Habiles","06:24:00","por Paracao","Vuelta"
"Balneario Thompson",6,"Habiles","06:32:00",,"Vuelta"
"Balneario Thompson",6,"Habiles","06:44:00","por Paracao","Vuelta"
"Balneario Thompson",6,"Habiles","06:57:00",,"Vuelta"
"Balneario Thompson",6,"Habiles","07:08:00","por Paracao","Vuelta"
"Balneario Thompson",6,"Habiles","07:23:00",,"Vuelta"
"Balneario Thompson",6,"Habiles","07:36:00","por Paracao","Vuelta"
"Balneario Thompson",6,"Habiles","07:48:00",,"Vuelta"
"Balneario Thompson",6,"Habiles","08:00:00","por Paracao","Vuelta"
"Balneario Thompson",6,"Habiles","08:12:00",,"Vuelta"
"Balneario Thompson",6,"Habiles","08:23:00","por Paracao","Vuelta"
"Balneario Thompson",6,"Habiles","08:35:00",,"Vuelta"
"Balneario Thompson",6,"Habiles","08:47:00","por Paracao","Vuelta"
"Balneario Thompson",6,"Habiles","08:59:00",,"Vuelta"
"Balneario Thompson",6,"Habiles","09:11:00","por Paracao","Vuelta"
"Balneario Thompson",6,"Habiles","09:23:00",,"Vuelta"
"Balneario Thompson",6,"Habiles","09:34:00","por Paracao","Vuelta"
"Balneario Thompson",6,"Habiles","09:46:00",,"Vuelta"
"Balneario Thompson",6,"Habiles","09:58:00","por Paracao","Vuelta"
"Balneario Thompson",6,"Habiles","10:10:00",,"Vuelta"
"Balneario Thompson",6,"Habiles","10:22:00","por Paracao","Vuelta"
"Balneario Thompson",6,"Habiles","10:33:00",,"Vuelta"
"Balneario Thompson",6,"Habiles","10:45:00","por Paracao","Vuelta"
"Balneario Thompson",6,"Habiles","10:57:00",,"Vuelta"
"Balneario Thompson",6,"Habiles","11:09:00","por Paracao","Vuelta"
"Balneario Thompson",6,"Habiles","11:21:00",,"Vuelta"
"Balneario Thompson",6,"Habiles","11:32:00","por Paracao","Vuelta"
"Balneario Thompson",6,"Habiles","11:44:00",,"Vuelta"
"Balneario Thompson",6,"Habiles","11:56:00","por Paracao","Vuelta"
"Balneario Thompson",6,"Habiles","12:08:00",,"Vuelta"
"Balneario Thompson",6,"Habiles","12:20:00","por Paracao","Vuelta"
"Balneario Thompson",6,"Habiles","12:31:00",,"Vuelta"
"Balneario Thompson",6,"Habiles","12:43:00","por Paracao","Vuelta"
"Balneario Thompson",6,"Habiles","12:55:00",,"Vuelta"
"Balneario Thompson",6,"Habiles","13:07:00","por Paracao","Vuelta"
"Balneario Thompson",6,"Habiles","13:19:00",,"Vuelta"
"Balneario Thompson",6,"Habiles","13:27:00","por Paracao","Vuelta"
"Balneario Thompson",6,"Habiles","13:39:00",,"Vuelta"
"Balneario Thompson",6,"Habiles","13:55:00","por Paracao","Vuelta"
"Balneario Thompson",6,"Habiles","14:11:00",,"Vuelta"
"Balneario Thompson",6,"Habiles","14:27:00","por Paracao","Vuelta"
"Balneario Thompson",6,"Habiles","14:43:00",,"Vuelta"
"Balneario Thompson",6,"Habiles","14:59:00","por Paracao","Vuelta"
"Balneario Thompson",6,"Habiles","15:15:00",,"Vuelta"
"Balneario Thompson",6,"Habiles","15:31:00","por Paracao","Vuelta"
"Balneario Thompson",6,"Habiles","15:50:00",,"Vuelta"
"Balneario Thompson",6,"Habiles","16:06:00","por Paracao","Vuelta"
"Balneario Thompson",6,"Habiles","16:22:00",,"Vuelta"
"Balneario Thompson",6,"Habiles","16:37:00","por Paracao","Vuelta"
"Balneario Thompson",6,"Habiles","16:52:00",,"Vuelta"
"Balneario Thompson",6,"Habiles","17:04:00","por Paracao","Vuelta"
"Balneario Thompson",6,"Habiles","17:16:00",,"Vuelta"
"Balneario Thompson",6,"Habiles","17:28:00","por Paracao","Vuelta"
"Balneario Thompson",6,"Habiles","17:39:00",,"Vuelta"
"Balneario Thompson",6,"Habiles","17:51:00","por Paracao","Vuelta"
"Balneario Thompson",6,"Habiles","18:03:00",,"Vuelta"
"Balneario Thompson",6,"Habiles","18:15:00","por Paracao","Vuelta"
"Balneario Thompson",6,"Habiles","18:27:00",,"Vuelta"
"Balneario Thompson",6,"Habiles","18:38:00","por Paracao","Vuelta"
"Balneario Thompson",6,"Habiles","18:50:00",,"Vuelta"
"Balneario Thompson",6,"Habiles","19:02:00","por Paracao","Vuelta"
"Balneario Thompson",6,"Habiles","19:14:00",,"Vuelta"
"Balneario Thompson",6,"Habiles","19:26:00","por Paracao","Vuelta"
"Balneario Thompson",6,"Habiles","19:37:00",,"Vuelta"
"Balneario Thompson",6,"Habiles","19:49:00","por Paracao","Vuelta"
"Balneario Thompson",6,"Habiles","20:01:00",,"Vuelta"
"Balneario Thompson",6,"Habiles","20:12:00","por Paracao","Vuelta"
"Balneario Thompson",6,"Habiles","20:24:00",,"Vuelta"
"Balneario Thompson",6,"Habiles","20:35:00","por Paracao","Vuelta"
"Balneario Thompson",6,"Habiles","20:47:00",,"Vuelta"
"Balneario Thompson",6,"Habiles","21:07:00","por Paracao","Vuelta"
"Balneario Thompson",6,"Habiles","21:26:00",,"Vuelta"
"Balneario Thompson",6,"Habiles","21:50:00","por Paracao","Vuelta"
"Balneario Thompson",6,"Habiles","22:16:00",,"Vuelta"
"Balneario Thompson",6,"Habiles","22:41:00","por Paracao","Vuelta"
"Balneario Thompson",6,"Habiles","23:13:00",,"Vuelta"
"Balneario Thompson",6,"Habiles","23:45:00","por Paracao","Vuelta"
"Balneario Thompson",6,"Habiles","00:14:00",,"Vuelta"
"Balneario Thompson",6,"Habiles","00:39:00","por Paracao","Vuelta"
"Oro Verde",6,"Habiles","04:52:00",,"Ida"
"Oro Verde",6,"Habiles","05:12:00","por Paracao","Ida"
"Oro Verde",6,"Habiles","05:30:00",,"Ida"
"Oro Verde",6,"Habiles","05:43:00","por Paracao","Ida"
"Oro Verde",6,"Habiles","05:48:00",,"Ida"
"Oro Verde",6,"Habiles","06:00:00","por Paracao","Ida"
"Oro Verde",6,"Habiles","06:11:00",,"Ida"
"Oro Verde",6,"Habiles","06:22:00","por Paracao","Ida"
"Oro Verde",6,"Habiles","06:33:00",,"Ida"
"Oro Verde",6,"Habiles","06:45:00","por Paracao","Ida"
"Oro Verde",6,"Habiles","06:56:00",,"Ida"
"Oro Verde",6,"Habiles","07:08:00","por Paracao","Ida"
"Oro Verde",6,"Habiles","07:20:00",,"Ida"
"Oro Verde",6,"Habiles","07:31:00","por Paracao","Ida"
"Oro Verde",6,"Habiles","07:43:00",,"Ida"
"Oro Verde",6,"Habiles","07:55:00","por Paracao","Ida"
"Oro Verde",6,"Habiles","08:07:00",,"Ida"
"Oro Verde",6,"Habiles","08:19:00","por Paracao","Ida"
"Oro Verde",6,"Habiles","08:31:00",,"Ida"
"Oro Verde",6,"Habiles","08:42:00","por Paracao","Ida"
"Oro Verde",6,"Habiles","08:54:00",,"Ida"
"Oro Verde",6,"Habiles","09:06:00","por Paracao","Ida"
"Oro Verde",6,"Habiles","09:18:00",,"Ida"
"Oro Verde",6,"Habiles","09:30:00","por Paracao","Ida"
"Oro Verde",6,"Habiles","09:41:00",,"Ida"
"Oro Verde",6,"Habiles","09:53:00","por Paracao","Ida"
"Oro Verde",6,"Habiles","10:05:00",,"Ida"
"Oro Verde",6,"Habiles","10:17:00","por Paracao","Ida"
"Oro Verde",6,"Habiles","10:29:00",,"Ida"
"Oro Verde",6,"Habiles","10:40:00","por Paracao","Ida"
"Oro Verde",6,"Habiles","10:52:00",,"Ida"
"Oro Verde",6,"Habiles","11:04:00","por Paracao","Ida"
"Oro Verde",6,"Habiles","11:16:00",,"Ida"
"Oro Verde",6,"Habiles","11:28:00","por Paracao","Ida"
"Oro Verde",6,"Habiles","11:39:00",,"Ida"
"Oro Verde",6,"Habiles","11:51:00","por Paracao","Ida"
"Oro Verde",6,"Habiles","12:03:00",,"Ida"
"Oro Verde",6,"Habiles","12:15:00","por Paracao","Ida"
"Oro Verde",6,"Habiles","12:27:00",,"Ida"
"Oro Verde",6,"Habiles","12:38:00","por Paracao","Ida"
"Oro Verde",6,"Habiles","12:50:00",,"Ida"
"Oro Verde",6,"Habiles","13:06:00","por Paracao","Ida"
"Oro Verde",6,"Habiles","13:22:00",,"Ida"
"Oro Verde",6,"Habiles","13:38:00","por Paracao","Ida"
"Oro Verde",6,"Habiles","13:54:00",,"Ida"
"Oro Verde",6,"Habiles","14:10:00","por Paracao","Ida"
"Oro Verde",6,"Habiles","14:26:00",,"Ida"
"Oro Verde",6,"Habiles","14:42:00","por Paracao","Ida"
"Oro Verde",6,"Habiles","14:58:00",,"Ida"
"Oro Verde",6,"Habiles","15:14:00","por Paracao","Ida"
"Oro Verde",6,"Habiles","15:30:00",,"Ida"
"Oro Verde",6,"Habiles","15:45:00","por Paracao","Ida"
"Oro Verde",6,"Habiles","16:00:00",,"Ida"
"Oro Verde",6,"Habiles","16:12:00","por Paracao","Ida"
"Oro Verde",6,"Habiles","16:24:00",,"Ida"
"Oro Verde",6,"Habiles","16:36:00","por Paracao","Ida"
"Oro Verde",6,"Habiles","16:47:00",,"Ida"
"Oro Verde",6,"Habiles","16:59:00","por Paracao","Ida"
"Oro Verde",6,"Habiles","17:11:00",,"Ida"
"Oro Verde",6,"Habiles","17:23:00","por Paracao","Ida"
"Oro Verde",6,"Habiles","17:35:00",,"Ida"
"Oro Verde",6,"Habiles","17:46:00","por Paracao","Ida"
"Oro Verde",6,"Habiles","17:58:00",,"Ida"
"Oro Verde",6,"Habiles","18:10:00","por Paracao","Ida"
"Oro Verde",6,"Habiles","18:22:00",,"Ida"
"Oro Verde",6,"Habiles","18:34:00","por Paracao","Ida"
"Oro Verde",6,"Habiles","18:45:00",,"Ida"
"Oro Verde",6,"Habiles","18:57:00","por Paracao","Ida"
"Oro Verde",6,"Habiles","19:09:00",,"Ida"
"Oro Verde",6,"Habiles","19:21:00","por Paracao","Ida"
"Oro Verde",6,"Habiles","19:33:00",,"Ida"
"Oro Verde",6,"Habiles","19:46:00","por Paracao","Ida"
"Oro Verde",6,"Habiles","20:00:00",,"Ida"
"Oro Verde",6,"Habiles","20:20:00","por Paracao","Ida"
"Oro Verde",6,"Habiles","20:39:00",,"Ida"
"Oro Verde",6,"Habiles","21:03:00","por Paracao","Ida"
"Oro Verde",6,"Habiles","21:28:00",,"Ida"
"Oro Verde",6,"Habiles","21:57:00","por Paracao","Ida"
"Oro Verde",6,"Habiles","22:33:00",,"Ida"
"Oro Verde",6,"Habiles","23:05:00","por Paracao","Ida"
"Oro Verde",6,"Habiles","23:35:00",,"Ida"
"Oro Verde",6,"Habiles","00:00:00","por Paracao","Ida"
"Km. 5 1/2",6,"Habiles","05:00:00",,"Ida"
"Km. 5 1/2",6,"Habiles","05:20:00","por Paracao","Ida"
"Km. 5 1/2",6,"Habiles","05:38:00",,"Ida"
"Km. 5 1/2",6,"Habiles","05:52:00","por Paracao","Ida"
"Km. 5 1/2",6,"Habiles","05:57:00",,"Ida"
"Km. 5 1/2",6,"Habiles","06:09:00","por Paracao","Ida"
"Km. 5 1/2",6,"Habiles","06:21:00",,"Ida"
"Km. 5 1/2",6,"Habiles","06:32:00","por Paracao","Ida"
"Km. 5 1/2",6,"Habiles","06:44:00",,"Ida"
"Km. 5 1/2",6,"Habiles","06:56:00","por Paracao","Ida"
"Km. 5 1/2",6,"Habiles","07:07:00",,"Ida"
"Km. 5 1/2",6,"Habiles","07:19:00","por Paracao","Ida"
"Km. 5 1/2",6,"Habiles","07:31:00",,"Ida"
"Km. 5 1/2",6,"Habiles","07:42:00","por Paracao","Ida"
"Km. 5 1/2",6,"Habiles","07:54:00",,"Ida"
"Km. 5 1/2",6,"Habiles","08:06:00","por Paracao","Ida"
"Km. 5 1/2",6,"Habiles","08:18:00",,"Ida"
"Km. 5 1/2",6,"Habiles","08:30:00","por Paracao","Ida"
"Km. 5 1/2",6,"Habiles","08:42:00",,"Ida"
"Km. 5 1/2",6,"Habiles","08:53:00","por Paracao","Ida"
"Km. 5 1/2",6,"Habiles","09:05:00",,"Ida"
"Km. 5 1/2",6,"Habiles","09:17:00","por Paracao","Ida"
"Km. 5 1/2",6,"Habiles","09:29:00",,"Ida"
"Km. 5 1/2",6,"Habiles","09:41:00","por Paracao","Ida"
"Km. 5 1/2",6,"Habiles","09:52:00",,"Ida"
"Km. 5 1/2",6,"Habiles","10:04:00","por Paracao","Ida"
"Km. 5 1/2",6,"Habiles","10:16:00",,"Ida"
"Km. 5 1/2",6,"Habiles","10:28:00","por Paracao","Ida"
"Km. 5 1/2",6,"Habiles","10:40:00",,"Ida"
"Km. 5 1/2",6,"Habiles","10:51:00","por Paracao","Ida"
"Km. 5 1/2",6,"Habiles","11:03:00",,"Ida"
"Km. 5 1/2",6,"Habiles","11:15:00","por Paracao","Ida"
"Km. 5 1/2",6,"Habiles","11:27:00",,"Ida"
"Km. 5 1/2",6,"Habiles","11:39:00","por Paracao","Ida"
"Km. 5 1/2",6,"Habiles","11:50:00",,"Ida"
"Km. 5 1/2",6,"Habiles","12:02:00","por Paracao","Ida"
"Km. 5 1/2",6,"Habiles","12:14:00",,"Ida"
"Km. 5 1/2",6,"Habiles","12:26:00","por Paracao","Ida"
"Km. 5 1/2",6,"Habiles","12:38:00",,"Ida"
"Km. 5 1/2",6,"Habiles","12:48:00","por Paracao","Ida"
"Km. 5 1/2",6,"Habiles","13:00:00",,"Ida"
"Km. 5 1/2",6,"Habiles","13:16:00","por Paracao","Ida"
"Km. 5 1/2",6,"Habiles","13:32:00",,"Ida"
"Km. 5 1/2",6,"Habiles","13:48:00","por Paracao","Ida"
"Km. 5 1/2",6,"Habiles","14:04:00",,"Ida"
"Km. 5 1/2",6,"Habiles","14:20:00","por Paracao","Ida"
"Km. 5 1/2",6,"Habiles","14:36:00",,"Ida"
"Km. 5 1/2",6,"Habiles","14:52:00","por Paracao","Ida"
"Km. 5 1/2",6,"Habiles","15:09:00",,"Ida"
"Km. 5 1/2",6,"Habiles","15:25:00","por Paracao","Ida"
"Km. 5 1/2",6,"Habiles","15:41:00",,"Ida"
"Km. 5 1/2",6,"Habiles","15:56:00","por Paracao","Ida"
"Km. 5 1/2",6,"Habiles","16:11:00",,"Ida"
"Km. 5 1/2",6,"Habiles","16:23:00","por Paracao","Ida"
"Km. 5 1/2",6,"Habiles","16:35:00",,"Ida"
"Km. 5 1/2",6,"Habiles","16:47:00","por Paracao","Ida"
"Km. 5 1/2",6,"Habiles","16:58:00",,"Ida"
"Km. 5 1/2",6,"Habiles","17:10:00","por Paracao","Ida"
"Km. 5 1/2",6,"Habiles","17:22:00",,"Ida"
"Km. 5 1/2",6,"Habiles","17:34:00","por Paracao","Ida"
"Km. 5 1/2",6,"Habiles","17:46:00",,"Ida"
"Km. 5 1/2",6,"Habiles","17:57:00","por Paracao","Ida"
"Km. 5 1/2",6,"Habiles","18:09:00",,"Ida"
"Km. 5 1/2",6,"Habiles","18:21:00","por Paracao","Ida"
"Km. 5 1/2",6,"Habiles","18:33:00",,"Ida"
"Km. 5 1/2",6,"Habiles","18:45:00","por Paracao","Ida"
"Km. 5 1/2",6,"Habiles","18:56:00",,"Ida"
"Km. 5 1/2",6,"Habiles","19:08:00","por Paracao","Ida"
"Km. 5 1/2",6,"Habiles","19:20:00",,"Ida"
"Km. 5 1/2",6,"Habiles","19:32:00","por Paracao","Ida"
"Km. 5 1/2",6,"Habiles","19:44:00",,"Ida"
"Km. 5 1/2",6,"Habiles","19:56:00","por Paracao","Ida"
"Km. 5 1/2",6,"Habiles","20:10:00",,"Ida"
"Km. 5 1/2",6,"Habiles","20:30:00","por Paracao","Ida"
"Km. 5 1/2",6,"Habiles","20:49:00",,"Ida"
"Km. 5 1/2",6,"Habiles","21:13:00","por Paracao","Ida"
"Km. 5 1/2",6,"Habiles","21:39:00",,"Ida"
"Km. 5 1/2",6,"Habiles","22:06:00","por Paracao","Ida"
"Km. 5 1/2",6,"Habiles","22:41:00",,"Ida"
"Km. 5 1/2",6,"Habiles","23:13:00","por Paracao","Ida"
"Km. 5 1/2",6,"Habiles","23:43:00",,"Ida"
"Km. 5 1/2",6,"Habiles","00:08:00","por Paracao","Ida"
"Plaza 1ro de Mayo",6,"Habiles","05:21:00",,"Ida"
"Plaza 1ro de Mayo",6,"Habiles","05:41:00","por Paracao","Ida"
"Plaza 1ro de Mayo",6,"Habiles","06:00:00",,"Ida"
"Plaza 1ro de Mayo",6,"Habiles","06:14:00","por Paracao","Ida"
"Plaza 1ro de Mayo",6,"Habiles","06:22:00",,"Ida"
"Plaza 1ro de Mayo",6,"Habiles","06:34:00","por Paracao","Ida"
"Plaza 1ro de Mayo",6,"Habiles","06:47:00",,"Ida"
"Plaza 1ro de Mayo",6,"Habiles","06:58:00","por Paracao","Ida"
"Plaza 1ro de Mayo",6,"Habiles","07:12:00",,"Ida"
"Plaza 1ro de Mayo",6,"Habiles","07:25:00","por Paracao","Ida"
"Plaza 1ro de Mayo",6,"Habiles","07:36:00",,"Ida"
"Plaza 1ro de Mayo",6,"Habiles","07:48:00","por Paracao","Ida"
"Plaza 1ro de Mayo",6,"Habiles","08:00:00",,"Ida"
"Plaza 1ro de Mayo",6,"Habiles","08:11:00","por Paracao","Ida"
"Plaza 1ro de Mayo",6,"Habiles","08:23:00",,"Ida"
"Plaza 1ro de Mayo",6,"Habiles","08:35:00","por Paracao","Ida"
"Plaza 1ro de Mayo",6,"Habiles","08:47:00",,"Ida"
"Plaza 1ro de Mayo",6,"Habiles","08:59:00","por Paracao","Ida"
"Plaza 1ro de Mayo",6,"Habiles","09:11:00",,"Ida"
"Plaza 1ro de Mayo",6,"Habiles","09:22:00","por Paracao","Ida"
"Plaza 1ro de Mayo",6,"Habiles","09:34:00",,"Ida"
"Plaza 1ro de Mayo",6,"Habiles","09:46:00","por Paracao","Ida"
"Plaza 1ro de Mayo",6,"Habiles","09:58:00",,"Ida"
"Plaza 1ro de Mayo",6,"Habiles","10:10:00","por Paracao","Ida"
"Plaza 1ro de Mayo",6,"Habiles","10:21:00",,"Ida"
"Plaza 1ro de Mayo",6,"Habiles","10:33:00","por Paracao","Ida"
"Plaza 1ro de Mayo",6,"Habiles","10:45:00",,"Ida"
"Plaza 1ro de Mayo",6,"Habiles","10:57:00","por Paracao","Ida"
"Plaza 1ro de Mayo",6,"Habiles","11:09:00",,"Ida"
"Plaza 1ro de Mayo",6,"Habiles","11:20:00","por Paracao","Ida"
"Plaza 1ro de Mayo",6,"Habiles","11:32:00",,"Ida"
"Plaza 1ro de Mayo",6,"Habiles","11:44:00","por Paracao","Ida"
"Plaza 1ro de Mayo",6,"Habiles","11:56:00",,"Ida"
"Plaza 1ro de Mayo",6,"Habiles","12:08:00","por Paracao","Ida"
"Plaza 1ro de Mayo",6,"Habiles","12:19:00",,"Ida"
"Plaza 1ro de Mayo",6,"Habiles","12:31:00","por Paracao","Ida"
"Plaza 1ro de Mayo",6,"Habiles","12:43:00",,"Ida"
"Plaza 1ro de Mayo",6,"Habiles","12:55:00","por Paracao","Ida"
"Plaza 1ro de Mayo",6,"Habiles","13:07:00",,"Ida"
"Plaza 1ro de Mayo",6,"Habiles","13:16:00","por Paracao","Ida"
"Plaza 1ro de Mayo",6,"Habiles","13:28:00",,"Ida"
"Plaza 1ro de Mayo",6,"Habiles","13:44:00","por Paracao","Ida"
"Plaza 1ro de Mayo",6,"Habiles","14:00:00",,"Ida"
"Plaza 1ro de Mayo",6,"Habiles","14:16:00","por Paracao","Ida"
"Plaza 1ro de Mayo",6,"Habiles","14:32:00",,"Ida"
"Plaza 1ro de Mayo",6,"Habiles","14:48:00","por Paracao","Ida"
"Plaza 1ro de Mayo",6,"Habiles","15:04:00",,"Ida"
"Plaza 1ro de Mayo",6,"Habiles","15:20:00","por Paracao","Ida"
"Plaza 1ro de Mayo",6,"Habiles","15:38:00",,"Ida"
"Plaza 1ro de Mayo",6,"Habiles","15:54:00","por Paracao","Ida"
"Plaza 1ro de Mayo",6,"Habiles","16:10:00",,"Ida"
"Plaza 1ro de Mayo",6,"Habiles","16:25:00","por Paracao","Ida"
"Plaza 1ro de Mayo",6,"Habiles","16:40:00",,"Ida"
"Plaza 1ro de Mayo",6,"Habiles","16:52:00","por Paracao","Ida"
"Plaza 1ro de Mayo",6,"Habiles","17:04:00",,"Ida"
"Plaza 1ro de Mayo",6,"Habiles","17:16:00","por Paracao","Ida"
"Plaza 1ro de Mayo",6,"Habiles","17:27:00",,"Ida"
"Plaza 1ro de Mayo",6,"Habiles","17:39:00","por Paracao","Ida"
"Plaza 1ro de Mayo",6,"Habiles","17:51:00",,"Ida"
"Plaza 1ro de Mayo",6,"Habiles","18:03:00","por Paracao","Ida"
"Plaza 1ro de Mayo",6,"Habiles","18:15:00",,"Ida"
"Plaza 1ro de Mayo",6,"Habiles","18:26:00","por Paracao","Ida"
"Plaza 1ro de Mayo",6,"Habiles","18:38:00",,"Ida"
"Plaza 1ro de Mayo",6,"Habiles","18:50:00","por Paracao","Ida"
"Plaza 1ro de Mayo",6,"Habiles","19:02:00",,"Ida"
"Plaza 1ro de Mayo",6,"Habiles","19:14:00","por Paracao","Ida"
"Plaza 1ro de Mayo",6,"Habiles","19:25:00",,"Ida"
"Plaza 1ro de Mayo",6,"Habiles","19:37:00","por Paracao","Ida"
"Plaza 1ro de Mayo",6,"Habiles","19:49:00",,"Ida"
"Plaza 1ro de Mayo",6,"Habiles","20:01:00","por Paracao","Ida"
"Plaza 1ro de Mayo",6,"Habiles","20:13:00",,"Ida"
"Plaza 1ro de Mayo",6,"Habiles","20:24:00","por Paracao","Ida"
"Plaza 1ro de Mayo",6,"Habiles","20:37:00",,"Ida"
"Plaza 1ro de Mayo",6,"Habiles","20:57:00","por Paracao","Ida"
"Plaza 1ro de Mayo",6,"Habiles","21:16:00",,"Ida"
"Plaza 1ro de Mayo",6,"Habiles","21:40:00","por Paracao","Ida"
"Plaza 1ro de Mayo",6,"Habiles","22:05:00",,"Ida"
"Plaza 1ro de Mayo",6,"Habiles","22:31:00","por Paracao","Ida"
"Plaza 1ro de Mayo",6,"Habiles","23:03:00",,"Ida"
"Plaza 1ro de Mayo",6,"Habiles","23:35:00","por Paracao","Ida"
"Plaza 1ro de Mayo",6,"Habiles","00:04:00",,"Ida"
"Plaza 1ro de Mayo",6,"Habiles","00:29:00","por Paracao","Ida"
"Plaza Alvear",6,"Habiles","05:20:00",,"Vuelta"
"Plaza Alvear",6,"Habiles","05:41:00",,"Vuelta"
"Plaza Alvear",6,"Habiles","06:01:00","por Paracao","Vuelta"
"Plaza Alvear",6,"Habiles","06:22:00",,"Vuelta"
"Plaza Alvear",6,"Habiles","06:36:00","por Paracao","Vuelta"
"Plaza Alvear",6,"Habiles","06:44:00",,"Vuelta"
"Plaza Alvear",6,"Habiles","06:56:00","por Paracao","Vuelta"
"Plaza Alvear",6,"Habiles","07:09:00",,"Vuelta"
"Plaza Alvear",6,"Habiles","07:20:00","por Paracao","Vuelta"
"Plaza Alvear",6,"Habiles","07:35:00",,"Vuelta"
"Plaza Alvear",6,"Habiles","07:48:00","por Paracao","Vuelta"
"Plaza Alvear",6,"Habiles","08:00:00",,"Vuelta"
"Plaza Alvear",6,"Habiles","08:12:00","por Paracao","Vuelta"
"Plaza Alvear",6,"Habiles","08:24:00",,"Vuelta"
"Plaza Alvear",6,"Habiles","08:35:00","por Paracao","Vuelta"
"Plaza Alvear",6,"Habiles","08:47:00",,"Vuelta"
"Plaza Alvear",6,"Habiles","08:59:00","por Paracao","Vuelta"
"Plaza Alvear",6,"Habiles","09:11:00",,"Vuelta"
"Plaza Alvear",6,"Habiles","09:23:00","por Paracao","Vuelta"
"Plaza Alvear",6,"Habiles","09:35:00",,"Vuelta"
"Plaza Alvear",6,"Habiles","09:46:00","por Paracao","Vuelta"
"Plaza Alvear",6,"Habiles","09:58:00",,"Vuelta"
"Plaza Alvear",6,"Habiles","10:10:00","por Paracao","Vuelta"
"Plaza Alvear",6,"Habiles","10:22:00",,"Vuelta"
"Plaza Alvear",6,"Habiles","10:34:00","por Paracao","Vuelta"
"Plaza Alvear",6,"Habiles","10:45:00",,"Vuelta"
"Plaza Alvear",6,"Habiles","10:57:00","por Paracao","Vuelta"
"Plaza Alvear",6,"Habiles","11:09:00",,"Vuelta"
"Plaza Alvear",6,"Habiles","11:21:00","por Paracao","Vuelta"
"Plaza Alvear",6,"Habiles","11:33:00",,"Vuelta"
"Plaza Alvear",6,"Habiles","11:44:00","por Paracao","Vuelta"
"Plaza Alvear",6,"Habiles","11:56:00",,"Vuelta"
"Plaza Alvear",6,"Habiles","12:08:00","por Paracao","Vuelta"
"Plaza Alvear",6,"Habiles","12:20:00",,"Vuelta"
"Plaza Alvear",6,"Habiles","12:32:00","por Paracao","Vuelta"
"Plaza Alvear",6,"Habiles","12:43:00",,"Vuelta"
"Plaza Alvear",6,"Habiles","12:55:00","por Paracao","Vuelta"
"Plaza Alvear",6,"Habiles","13:07:00",,"Vuelta"
"Plaza Alvear",6,"Habiles","13:19:00","por Paracao","Vuelta"
"Plaza Alvear",6,"Habiles","13:31:00",,"Vuelta"
"Plaza Alvear",6,"Habiles","13:39:00","por Paracao","Vuelta"
"Plaza Alvear",6,"Habiles","13:51:00",,"Vuelta"
"Plaza Alvear",6,"Habiles","14:07:00","por Paracao","Vuelta"
"Plaza Alvear",6,"Habiles","14:23:00",,"Vuelta"
"Plaza Alvear",6,"Habiles","14:39:00","por Paracao","Vuelta"
"Plaza Alvear",6,"Habiles","14:55:00",,"Vuelta"
"Plaza Alvear",6,"Habiles","15:11:00","por Paracao","Vuelta"
"Plaza Alvear",6,"Habiles","15:27:00",,"Vuelta"
"Plaza Alvear",6,"Habiles","15:43:00","por Paracao","Vuelta"
"Plaza Alvear",6,"Habiles","16:02:00",,"Vuelta"
"Plaza Alvear",6,"Habiles","16:18:00","por Paracao","Vuelta"
"Plaza Alvear",6,"Habiles","16:34:00",,"Vuelta"
"Plaza Alvear",6,"Habiles","16:49:00","por Paracao","Vuelta"
"Plaza Alvear",6,"Habiles","17:04:00",,"Vuelta"
"Plaza Alvear",6,"Habiles","17:16:00","por Paracao","Vuelta"
"Plaza Alvear",6,"Habiles","17:28:00",,"Vuelta"
"Plaza Alvear",6,"Habiles","17:40:00","por Paracao","Vuelta"
"Plaza Alvear",6,"Habiles","17:51:00",,"Vuelta"
"Plaza Alvear",6,"Habiles","18:03:00","por Paracao","Vuelta"
"Plaza Alvear",6,"Habiles","18:15:00",,"Vuelta"
"Plaza Alvear",6,"Habiles","18:27:00","por Paracao","Vuelta"
"Plaza Alvear",6,"Habiles","18:39:00",,"Vuelta"
"Plaza Alvear",6,"Habiles","18:50:00","por Paracao","Vuelta"
"Plaza Alvear",6,"Habiles","19:02:00",,"Vuelta"
"Plaza Alvear",6,"Habiles","19:14:00","por Paracao","Vuelta"
"Plaza Alvear",6,"Habiles","19:26:00",,"Vuelta"
"Plaza Alvear",6,"Habiles","19:38:00","por Paracao","Vuelta"
"Plaza Alvear",6,"Habiles","19:49:00",,"Vuelta"
"Plaza Alvear",6,"Habiles","20:01:00","por Paracao","Vuelta"
"Plaza Alvear",6,"Habiles","20:13:00",,"Vuelta"
"Plaza Alvear",6,"Habiles","20:24:00","por Paracao","Vuelta"
"Plaza Alvear",6,"Habiles","20:36:00",,"Vuelta"
"Plaza Alvear",6,"Habiles","20:47:00","por Paracao","Vuelta"
"Plaza Alvear",6,"Habiles","20:59:00",,"Vuelta"
"Plaza Alvear",6,"Habiles","21:19:00","por Paracao","Vuelta"
"Plaza Alvear",6,"Habiles","21:37:00",,"Vuelta"
"Plaza Alvear",6,"Habiles","22:01:00","por Paracao","Vuelta"
"Plaza Alvear",6,"Habiles","22:27:00",,"Vuelta"
"Plaza Alvear",6,"Habiles","22:53:00","por Paracao","Vuelta"
"Plaza Alvear",6,"Habiles","23:23:00",,"Vuelta"
"Plaza Alvear",6,"Habiles","23:55:00","por Paracao","Vuelta"
"Plaza Alberdi",6,"Habiles","05:26:00",,"Vuelta"
"Plaza Alberdi",6,"Habiles","05:47:00",,"Vuelta"
"Plaza Alberdi",6,"Habiles","06:09:00","por Paracao","Vuelta"
"Plaza Alberdi",6,"Habiles","06:30:00",,"Vuelta"
"Plaza Alberdi",6,"Habiles","06:44:00","por Paracao","Vuelta"
"Plaza Alberdi",6,"Habiles","06:52:00",,"Vuelta"
"Plaza Alberdi",6,"Habiles","07:05:00","por Paracao","Vuelta"
"Plaza Alberdi",6,"Habiles","07:18:00",,"Vuelta"
"Plaza Alberdi",6,"Habiles","07:29:00","por Paracao","Vuelta"
"Plaza Alberdi",6,"Habiles","07:44:00",,"Vuelta"
"Plaza Alberdi",6,"Habiles","07:57:00","por Paracao","Vuelta"
"Plaza Alberdi",6,"Habiles","08:09:00",,"Vuelta"
"Plaza Alberdi",6,"Habiles","08:21:00","por Paracao","Vuelta"
"Plaza Alberdi",6,"Habiles","08:33:00",,"Vuelta"
"Plaza Alberdi",6,"Habiles","08:44:00","por Paracao","Vuelta"
"Plaza Alberdi",6,"Habiles","08:56:00",,"Vuelta"
"Plaza Alberdi",6,"Habiles","09:08:00","por Paracao","Vuelta"
"Plaza Alberdi",6,"Habiles","09:20:00",,"Vuelta"
"Plaza Alberdi",6,"Habiles","09:32:00","por Paracao","Vuelta"
"Plaza Alberdi",6,"Habiles","09:44:00",,"Vuelta"
"Plaza Alberdi",6,"Habiles","09:55:00","por Paracao","Vuelta"
"Plaza Alberdi",6,"Habiles","10:07:00",,"Vuelta"
"Plaza Alberdi",6,"Habiles","10:19:00","por Paracao","Vuelta"
"Plaza Alberdi",6,"Habiles","10:31:00",,"Vuelta"
"Plaza Alberdi",6,"Habiles","10:43:00","por Paracao","Vuelta"
"Plaza Alberdi",6,"Habiles","10:54:00",,"Vuelta"
"Plaza Alberdi",6,"Habiles","11:06:00","por Paracao","Vuelta"
"Plaza Alberdi",6,"Habiles","11:18:00",,"Vuelta"
"Plaza Alberdi",6,"Habiles","11:30:00","por Paracao","Vuelta"
"Plaza Alberdi",6,"Habiles","11:42:00",,"Vuelta"
"Plaza Alberdi",6,"Habiles","11:53:00","por Paracao","Vuelta"
"Plaza Alberdi",6,"Habiles","12:05:00",,"Vuelta"
"Plaza Alberdi",6,"Habiles","12:17:00","por Paracao","Vuelta"
"Plaza Alberdi",6,"Habiles","12:29:00",,"Vuelta"
"Plaza Alberdi",6,"Habiles","12:41:00","por Paracao","Vuelta"
"Plaza Alberdi",6,"Habiles","12:52:00",,"Vuelta"
"Plaza Alberdi",6,"Habiles","13:04:00","por Paracao","Vuelta"
"Plaza Alberdi",6,"Habiles","13:16:00",,"Vuelta"
"Plaza Alberdi",6,"Habiles","13:28:00","por Paracao","Vuelta"
"Plaza Alberdi",6,"Habiles","13:39:00",,"Vuelta"
"Plaza Alberdi",6,"Habiles","13:47:00","por Paracao","Vuelta"
"Plaza Alberdi",6,"Habiles","13:59:00",,"Vuelta"
"Plaza Alberdi",6,"Habiles","14:15:00","por Paracao","Vuelta"
"Plaza Alberdi",6,"Habiles","14:31:00",,"Vuelta"
"Plaza Alberdi",6,"Habiles","14:47:00","por Paracao","Vuelta"
"Plaza Alberdi",6,"Habiles","15:03:00",,"Vuelta"
"Plaza Alberdi",6,"Habiles","15:19:00","por Paracao","Vuelta"
"Plaza Alberdi",6,"Habiles","15:35:00",,"Vuelta"
"Plaza Alberdi",6,"Habiles","15:51:00","por Paracao","Vuelta"
"Plaza Alberdi",6,"Habiles","16:10:00",,"Vuelta"
"Plaza Alberdi",6,"Habiles","16:27:00","por Paracao","Vuelta"
"Plaza Alberdi",6,"Habiles","16:43:00",,"Vuelta"
"Plaza Alberdi",6,"Habiles","16:58:00","por Paracao","Vuelta"
"Plaza Alberdi",6,"Habiles","17:13:00",,"Vuelta"
"Plaza Alberdi",6,"Habiles","17:25:00","por Paracao","Vuelta"
"Plaza Alberdi",6,"Habiles","17:37:00",,"Vuelta"
"Plaza Alberdi",6,"Habiles","17:49:00","por Paracao","Vuelta"
"Plaza Alberdi",6,"Habiles","18:00:00",,"Vuelta"
"Plaza Alberdi",6,"Habiles","18:12:00","por Paracao","Vuelta"
"Plaza Alberdi",6,"Habiles","18:24:00",,"Vuelta"
"Plaza Alberdi",6,"Habiles","18:36:00","por Paracao","Vuelta"
"Plaza Alberdi",6,"Habiles","18:48:00",,"Vuelta"
"Plaza Alberdi",6,"Habiles","18:59:00","por Paracao","Vuelta"
"Plaza Alberdi",6,"Habiles","19:11:00",,"Vuelta"
"Plaza Alberdi",6,"Habiles","19:23:00","por Paracao","Vuelta"
"Plaza Alberdi",6,"Habiles","19:35:00",,"Vuelta"
"Plaza Alberdi",6,"Habiles","19:47:00","por Paracao","Vuelta"
"Plaza Alberdi",6,"Habiles","19:58:00",,"Vuelta"
"Plaza Alberdi",6,"Habiles","20:10:00","por Paracao","Vuelta"
"Plaza Alberdi",6,"Habiles","20:22:00",,"Vuelta"
"Plaza Alberdi",6,"Habiles","20:32:00","por Paracao","Vuelta"
"Plaza Alberdi",6,"Habiles","20:44:00",,"Vuelta"
"Plaza Alberdi",6,"Habiles","20:55:00","por Paracao","Vuelta"
"Plaza Alberdi",6,"Habiles","21:07:00",,"Vuelta"
"Plaza Alberdi",6,"Habiles","21:27:00","por Paracao","Vuelta"
"Plaza Alberdi",6,"Habiles","21:46:00",,"Vuelta"
"Plaza Alberdi",6,"Habiles","22:10:00","por Paracao","Vuelta"
"Plaza Alberdi",6,"Habiles","22:35:00",,"Vuelta"
"Plaza Alberdi",6,"Habiles","23:01:00","por Paracao","Vuelta"
"Plaza Alberdi",6,"Habiles","23:29:00",,"Vuelta"
"Plaza Alberdi",6,"Habiles","00:01:00","por Paracao","Vuelta"
"Km. 5 1/2",6,"Habiles","05:43:00",,"Vuelta"
"Km. 5 1/2",6,"Habiles","06:05:00",,"Vuelta"
"Km. 5 1/2",6,"Habiles","06:27:00","por Paracao","Vuelta"
"Km. 5 1/2",6,"Habiles","06:49:00",,"Vuelta"
"Km. 5 1/2",6,"Habiles","07:04:00","por Paracao","Vuelta"
"Km. 5 1/2",6,"Habiles","07:12:00",,"Vuelta"
"Km. 5 1/2",6,"Habiles","07:27:00","por Paracao","Vuelta"
"Km. 5 1/2",6,"Habiles","07:40:00",,"Vuelta"
"Km. 5 1/2",6,"Habiles","07:51:00","por Paracao","Vuelta"
"Km. 5 1/2",6,"Habiles","08:06:00",,"Vuelta"
"Km. 5 1/2",6,"Habiles","08:19:00","por Paracao","Vuelta"
"Km. 5 1/2",6,"Habiles","08:31:00",,"Vuelta"
"Km. 5 1/2",6,"Habiles","08:43:00","por Paracao","Vuelta"
"Km. 5 1/2",6,"Habiles","08:55:00",,"Vuelta"
"Km. 5 1/2",6,"Habiles","09:06:00","por Paracao","Vuelta"
"Km. 5 1/2",6,"Habiles","09:18:00",,"Vuelta"
"Km. 5 1/2",6,"Habiles","09:30:00","por Paracao","Vuelta"
"Km. 5 1/2",6,"Habiles","09:42:00",,"Vuelta"
"Km. 5 1/2",6,"Habiles","09:54:00","por Paracao","Vuelta"
"Km. 5 1/2",6,"Habiles","10:06:00",,"Vuelta"
"Km. 5 1/2",6,"Habiles","10:17:00","por Paracao","Vuelta"
"Km. 5 1/2",6,"Habiles","10:29:00",,"Vuelta"
"Km. 5 1/2",6,"Habiles","10:41:00","por Paracao","Vuelta"
"Km. 5 1/2",6,"Habiles","10:53:00",,"Vuelta"
"Km. 5 1/2",6,"Habiles","11:05:00","por Paracao","Vuelta"
"Km. 5 1/2",6,"Habiles","11:16:00",,"Vuelta"
"Km. 5 1/2",6,"Habiles","11:28:00","por Paracao","Vuelta"
"Km. 5 1/2",6,"Habiles","11:40:00",,"Vuelta"
"Km. 5 1/2",6,"Habiles","11:52:00","por Paracao","Vuelta"
"Km. 5 1/2",6,"Habiles","12:04:00",,"Vuelta"
"Km. 5 1/2",6,"Habiles","12:15:00","por Paracao","Vuelta"
"Km. 5 1/2",6,"Habiles","12:27:00",,"Vuelta"
"Km. 5 1/2",6,"Habiles","12:39:00","por Paracao","Vuelta"
"Km. 5 1/2",6,"Habiles","12:51:00",,"Vuelta"
"Km. 5 1/2",6,"Habiles","13:03:00","por Paracao","Vuelta"
"Km. 5 1/2",6,"Habiles","13:14:00",,"Vuelta"
"Km. 5 1/2",6,"Habiles","13:26:00","por Paracao","Vuelta"
"Km. 5 1/2",6,"Habiles","13:38:00",,"Vuelta"
"Km. 5 1/2",6,"Habiles","13:50:00","por Paracao","Vuelta"
"Km. 5 1/2",6,"Habiles","14:00:00",,"Vuelta"
"Km. 5 1/2",6,"Habiles","14:08:00","por Paracao","Vuelta"
"Km. 5 1/2",6,"Habiles","14:20:00",,"Vuelta"
"Km. 5 1/2",6,"Habiles","14:36:00","por Paracao","Vuelta"
"Km. 5 1/2",6,"Habiles","14:52:00",,"Vuelta"
"Km. 5 1/2",6,"Habiles","15:08:00","por Paracao","Vuelta"
"Km. 5 1/2",6,"Habiles","15:24:00",,"Vuelta"
"Km. 5 1/2",6,"Habiles","15:40:00","por Paracao","Vuelta"
"Km. 5 1/2",6,"Habiles","15:56:00",,"Vuelta"
"Km. 5 1/2",6,"Habiles","16:12:00","por Paracao","Vuelta"
"Km. 5 1/2",6,"Habiles","16:31:00",,"Vuelta"
"Km. 5 1/2",6,"Habiles","16:49:00","por Paracao","Vuelta"
"Km. 5 1/2",6,"Habiles","17:05:00",,"Vuelta"
"Km. 5 1/2",6,"Habiles","17:20:00","por Paracao","Vuelta"
"Km. 5 1/2",6,"Habiles","17:35:00",,"Vuelta"
"Km. 5 1/2",6,"Habiles","17:47:00","por Paracao","Vuelta"
"Km. 5 1/2",6,"Habiles","17:59:00",,"Vuelta"
"Km. 5 1/2",6,"Habiles","18:11:00","por Paracao","Vuelta"
"Km. 5 1/2",6,"Habiles","18:22:00",,"Vuelta"
"Km. 5 1/2",6,"Habiles","18:34:00","por Paracao","Vuelta"
"Km. 5 1/2",6,"Habiles","18:46:00",,"Vuelta"
"Km. 5 1/2",6,"Habiles","18:58:00","por Paracao","Vuelta"
"Km. 5 1/2",6,"Habiles","19:10:00",,"Vuelta"
"Km. 5 1/2",6,"Habiles","19:21:00","por Paracao","Vuelta"
"Km. 5 1/2",6,"Habiles","19:33:00",,"Vuelta"
"Km. 5 1/2",6,"Habiles","19:45:00","por Paracao","Vuelta"
"Km. 5 1/2",6,"Habiles","19:57:00",,"Vuelta"
"Km. 5 1/2",6,"Habiles","20:09:00","por Paracao","Vuelta"
"Km. 5 1/2",6,"Habiles","20:20:00",,"Vuelta"
"Km. 5 1/2",6,"Habiles","20:32:00","por Paracao","Vuelta"
"Km. 5 1/2",6,"Habiles","20:44:00",,"Vuelta"
"Km. 5 1/2",6,"Habiles","20:53:00","por Paracao","Vuelta"
"Km. 5 1/2",6,"Habiles","21:05:00",,"Vuelta"
"Km. 5 1/2",6,"Habiles","21:16:00","por Paracao","Vuelta"
"Km. 5 1/2",6,"Habiles","21:28:00",,"Vuelta"
"Km. 5 1/2",6,"Habiles","21:48:00","por Paracao","Vuelta"
"Km. 5 1/2",6,"Habiles","22:07:00",,"Vuelta"
"Km. 5 1/2",6,"Habiles","22:31:00","por Paracao","Vuelta"
"Km. 5 1/2",6,"Habiles","22:54:00",,"Vuelta"
"Km. 5 1/2",6,"Habiles","23:21:00","por Paracao","Vuelta"
"Km. 5 1/2",6,"Habiles","23:46:00",,"Vuelta"
"Km. 5 1/2",6,"Habiles","00:18:00","por Paracao","Vuelta"
"Oro Verde",6,"Habiles","05:50:00",,"Vuelta"
"Oro Verde",6,"Habiles","06:12:00",,"Vuelta"
"Oro Verde",6,"Habiles","06:34:00","por Paracao","Vuelta"
"Oro Verde",6,"Habiles","06:56:00",,"Vuelta"
"Oro Verde",6,"Habiles","07:11:00","por Paracao","Vuelta"
"Oro Verde",6,"Habiles","07:19:00",,"Vuelta"
"Oro Verde",6,"Habiles","07:34:00","por Paracao","Vuelta"
"Oro Verde",6,"Habiles","07:47:00",,"Vuelta"
"Oro Verde",6,"Habiles","07:58:00","por Paracao","Vuelta"
"Oro Verde",6,"Habiles","08:13:00",,"Vuelta"
"Oro Verde",6,"Habiles","08:26:00","por Paracao","Vuelta"
"Oro Verde",6,"Habiles","08:38:00",,"Vuelta"
"Oro Verde",6,"Habiles","08:50:00","por Paracao","Vuelta"
"Oro Verde",6,"Habiles","09:02:00",,"Vuelta"
"Oro Verde",6,"Habiles","09:13:00","por Paracao","Vuelta"
"Oro Verde",6,"Habiles","09:25:00",,"Vuelta"
"Oro Verde",6,"Habiles","09:37:00","por Paracao","Vuelta"
"Oro Verde",6,"Habiles","09:49:00",,"Vuelta"
"Oro Verde",6,"Habiles","10:01:00","por Paracao","Vuelta"
"Oro Verde",6,"Habiles","10:13:00",,"Vuelta"
"Oro Verde",6,"Habiles","10:24:00","por Paracao","Vuelta"
"Oro Verde",6,"Habiles","10:36:00",,"Vuelta"
"Oro Verde",6,"Habiles","10:48:00","por Paracao","Vuelta"
"Oro Verde",6,"Habiles","11:00:00",,"Vuelta"
"Oro Verde",6,"Habiles","11:12:00","por Paracao","Vuelta"
"Oro Verde",6,"Habiles","11:23:00",,"Vuelta"
"Oro Verde",6,"Habiles","11:35:00","por Paracao","Vuelta"
"Oro Verde",6,"Habiles","11:47:00",,"Vuelta"
"Oro Verde",6,"Habiles","11:59:00","por Paracao","Vuelta"
"Oro Verde",6,"Habiles","12:11:00",,"Vuelta"
"Oro Verde",6,"Habiles","12:22:00","por Paracao","Vuelta"
"Oro Verde",6,"Habiles","12:34:00",,"Vuelta"
"Oro Verde",6,"Habiles","12:46:00","por Paracao","Vuelta"
"Oro Verde",6,"Habiles","12:58:00",,"Vuelta"
"Oro Verde",6,"Habiles","13:10:00","por Paracao","Vuelta"
"Oro Verde",6,"Habiles","13:21:00",,"Vuelta"
"Oro Verde",6,"Habiles","13:33:00","por Paracao","Vuelta"
"Oro Verde",6,"Habiles","13:45:00",,"Vuelta"
"Oro Verde",6,"Habiles","13:57:00","por Paracao","Vuelta"
"Oro Verde",6,"Habiles","14:07:00",,"Vuelta"
"Oro Verde",6,"Habiles","14:15:00","por Paracao","Vuelta"
"Oro Verde",6,"Habiles","14:27:00",,"Vuelta"
"Oro Verde",6,"Habiles","14:43:00","por Paracao","Vuelta"
"Oro Verde",6,"Habiles","14:59:00",,"Vuelta"
"Oro Verde",6,"Habiles","15:15:00","por Paracao","Vuelta"
"Oro Verde",6,"Habiles","15:31:00",,"Vuelta"
"Oro Verde",6,"Habiles","15:47:00","por Paracao","Vuelta"
"Oro Verde",6,"Habiles","16:03:00",,"Vuelta"
"Oro Verde",6,"Habiles","16:19:00","por Paracao","Vuelta"
"Oro Verde",6,"Habiles","16:38:00",,"Vuelta"
"Oro Verde",6,"Habiles","16:56:00","por Paracao","Vuelta"
"Oro Verde",6,"Habiles","17:12:00",,"Vuelta"
"Oro Verde",6,"Habiles","17:27:00","por Paracao","Vuelta"
"Oro Verde",6,"Habiles","17:42:00",,"Vuelta"
"Oro Verde",6,"Habiles","17:54:00","por Paracao","Vuelta"
"Oro Verde",6,"Habiles","18:06:00",,"Vuelta"
"Oro Verde",6,"Habiles","18:18:00","por Paracao","Vuelta"
"Oro Verde",6,"Habiles","18:29:00",,"Vuelta"
"Oro Verde",6,"Habiles","18:41:00","por Paracao","Vuelta"
"Oro Verde",6,"Habiles","18:53:00",,"Vuelta"
"Oro Verde",6,"Habiles","19:05:00","por Paracao","Vuelta"
"Oro Verde",6,"Habiles","19:17:00",,"Vuelta"
"Oro Verde",6,"Habiles","19:28:00","por Paracao","Vuelta"
"Oro Verde",6,"Habiles","19:40:00",,"Vuelta"
"Oro Verde",6,"Habiles","19:52:00","por Paracao","Vuelta"
"Oro Verde",6,"Habiles","20:04:00",,"Vuelta"
"Oro Verde",6,"Habiles","20:16:00","por Paracao","Vuelta"
"Oro Verde",6,"Habiles","20:27:00",,"Vuelta"
"Oro Verde",6,"Habiles","20:39:00","por Paracao","Vuelta"
"Oro Verde",6,"Habiles","20:51:00",,"Vuelta"
"Oro Verde",6,"Habiles","21:00:00","por Paracao","Vuelta"
"Oro Verde",6,"Habiles","21:12:00",,"Vuelta"
"Oro Verde",6,"Habiles","21:23:00","por Paracao","Vuelta"
"Oro Verde",6,"Habiles","21:35:00",,"Vuelta"
"Oro Verde",6,"Habiles","21:55:00","por Paracao","Vuelta"
"Oro Verde",6,"Habiles","22:14:00",,"Vuelta"
"Oro Verde",6,"Habiles","22:38:00","por Paracao","Vuelta"
"Oro Verde",6,"Habiles","23:01:00",,"Vuelta"
"Oro Verde",6,"Habiles","23:28:00","por Paracao","Vuelta"
"Oro Verde",6,"Habiles","23:53:00",,"Vuelta"
"Oro Verde",6,"Habiles","00:25:00","por Paracao","Vuelta"
"Oro Verde",6,"Sabados","04:52:00","por Paracao","Ida"
"Oro Verde",6,"Sabados","05:18:00",,"Ida"
"Oro Verde",6,"Sabados","05:53:00","por Paracao","Ida"
"Oro Verde",6,"Sabados","06:18:00",,"Ida"
"Oro Verde",6,"Sabados","06:40:00","por Paracao","Ida"
"Oro Verde",6,"Sabados","07:00:00",,"Ida"
"Oro Verde",6,"Sabados","07:16:00","por Paracao","Ida"
"Oro Verde",6,"Sabados","07:32:00",,"Ida"
"Oro Verde",6,"Sabados","07:48:00","por Paracao","Ida"
"Oro Verde",6,"Sabados","08:04:00",,"Ida"
"Oro Verde",6,"Sabados","08:20:00","por Paracao","Ida"
"Oro Verde",6,"Sabados","08:36:00",,"Ida"
"Oro Verde",6,"Sabados","08:52:00","por Paracao","Ida"
"Oro Verde",6,"Sabados","09:08:00",,"Ida"
"Oro Verde",6,"Sabados","09:24:00","por Paracao","Ida"
"Oro Verde",6,"Sabados","09:40:00",,"Ida"
"Oro Verde",6,"Sabados","09:56:00","por Paracao","Ida"
"Oro Verde",6,"Sabados","10:12:00",,"Ida"
"Oro Verde",6,"Sabados","10:28:00","por Paracao","Ida"
"Oro Verde",6,"Sabados","10:44:00",,"Ida"
"Oro Verde",6,"Sabados","11:00:00","por Paracao","Ida"
"Oro Verde",6,"Sabados","11:16:00",,"Ida"
"Oro Verde",6,"Sabados","11:32:00","por Paracao","Ida"
"Oro Verde",6,"Sabados","11:48:00",,"Ida"
"Oro Verde",6,"Sabados","12:04:00","por Paracao","Ida"
"Oro Verde",6,"Sabados","12:22:00",,"Ida"
"Oro Verde",6,"Sabados","12:44:00","por Paracao","Ida"
"Oro Verde",6,"Sabados","13:06:00",,"Ida"
"Oro Verde",6,"Sabados","13:28:00","por Paracao","Ida"
"Oro Verde",6,"Sabados","13:50:00",,"Ida"
"Oro Verde",6,"Sabados","14:12:00","por Paracao","Ida"
"Oro Verde",6,"Sabados","14:34:00",,"Ida"
"Oro Verde",6,"Sabados","14:56:00","por Paracao","Ida"
"Oro Verde",6,"Sabados","15:18:00",,"Ida"
"Oro Verde",6,"Sabados","15:40:00","por Paracao","Ida"
"Oro Verde",6,"Sabados","16:02:00",,"Ida"
"Oro Verde",6,"Sabados","16:24:00","por Paracao","Ida"
"Oro Verde",6,"Sabados","16:42:00",,"Ida"
"Oro Verde",6,"Sabados","16:58:00","por Paracao","Ida"
"Oro Verde",6,"Sabados","17:14:00",,"Ida"
"Oro Verde",6,"Sabados","17:30:00","por Paracao","Ida"
"Oro Verde",6,"Sabados","17:46:00",,"Ida"
"Oro Verde",6,"Sabados","18:02:00","por Paracao","Ida"
"Oro Verde",6,"Sabados","18:18:00",,"Ida"
"Oro Verde",6,"Sabados","18:34:00","por Paracao","Ida"
"Oro Verde",6,"Sabados","18:50:00",,"Ida"
"Oro Verde",6,"Sabados","19:06:00","por Paracao","Ida"
"Oro Verde",6,"Sabados","19:22:00",,"Ida"
"Oro Verde",6,"Sabados","19:40:00","por Paracao","Ida"
"Oro Verde",6,"Sabados","19:58:00",,"Ida"
"Oro Verde",6,"Sabados","20:16:00","por Paracao","Ida"
"Oro Verde",6,"Sabados","20:35:00",,"Ida"
"Oro Verde",6,"Sabados","20:55:00","por Paracao","Ida"
"Oro Verde",6,"Sabados","21:15:00",,"Ida"
"Oro Verde",6,"Sabados","21:37:00","por Paracao","Ida"
"Oro Verde",6,"Sabados","21:59:00",,"Ida"
"Oro Verde",6,"Sabados","22:21:00","por Paracao","Ida"
"Oro Verde",6,"Sabados","22:45:00",,"Ida"
"Oro Verde",6,"Sabados","23:10:00","por Paracao","Ida"
"Oro Verde",6,"Sabados","23:35:00",,"Ida"
"Oro Verde",6,"Sabados","00:00:00","por Paracao","Ida"
"Km. 5 1/2",6,"Sabados","05:00:00","por Paracao","Ida"
"Km. 5 1/2",6,"Sabados","05:26:00",,"Ida"
"Km. 5 1/2",6,"Sabados","06:02:00","por Paracao","Ida"
"Km. 5 1/2",6,"Sabados","06:29:00",,"Ida"
"Km. 5 1/2",6,"Sabados","06:51:00","por Paracao","Ida"
"Km. 5 1/2",6,"Sabados","07:11:00",,"Ida"
"Km. 5 1/2",6,"Sabados","07:27:00","por Paracao","Ida"
"Km. 5 1/2",6,"Sabados","07:43:00",,"Ida"
"Km. 5 1/2",6,"Sabados","07:59:00","por Paracao","Ida"
"Km. 5 1/2",6,"Sabados","08:15:00",,"Ida"
"Km. 5 1/2",6,"Sabados","08:31:00","por Paracao","Ida"
"Km. 5 1/2",6,"Sabados","08:47:00",,"Ida"
"Km. 5 1/2",6,"Sabados","09:03:00","por Paracao","Ida"
"Km. 5 1/2",6,"Sabados","09:19:00",,"Ida"
"Km. 5 1/2",6,"Sabados","09:35:00","por Paracao","Ida"
"Km. 5 1/2",6,"Sabados","09:51:00",,"Ida"
"Km. 5 1/2",6,"Sabados","10:07:00","por Paracao","Ida"
"Km. 5 1/2",6,"Sabados","10:23:00",,"Ida"
"Km. 5 1/2",6,"Sabados","10:39:00","por Paracao","Ida"
"Km. 5 1/2",6,"Sabados","10:55:00",,"Ida"
"Km. 5 1/2",6,"Sabados","11:11:00","por Paracao","Ida"
"Km. 5 1/2",6,"Sabados","11:27:00",,"Ida"
"Km. 5 1/2",6,"Sabados","11:43:00","por Paracao","Ida"
"Km. 5 1/2",6,"Sabados","11:59:00",,"Ida"
"Km. 5 1/2",6,"Sabados","12:15:00","por Paracao","Ida"
"Km. 5 1/2",6,"Sabados","12:32:00",,"Ida"
"Km. 5 1/2",6,"Sabados","12:54:00","por Paracao","Ida"
"Km. 5 1/2",6,"Sabados","13:16:00",,"Ida"
"Km. 5 1/2",6,"Sabados","13:38:00","por Paracao","Ida"
"Km. 5 1/2",6,"Sabados","14:00:00",,"Ida"
"Km. 5 1/2",6,"Sabados","14:22:00","por Paracao","Ida"
"Km. 5 1/2",6,"Sabados","14:44:00",,"Ida"
"Km. 5 1/2",6,"Sabados","15:06:00","por Paracao","Ida"
"Km. 5 1/2",6,"Sabados","15:28:00",,"Ida"
"Km. 5 1/2",6,"Sabados","15:50:00","por Paracao","Ida"
"Km. 5 1/2",6,"Sabados","16:12:00",,"Ida"
"Km. 5 1/2",6,"Sabados","16:34:00","por Paracao","Ida"
"Km. 5 1/2",6,"Sabados","16:53:00",,"Ida"
"Km. 5 1/2",6,"Sabados","17:09:00","por Paracao","Ida"
"Km. 5 1/2",6,"Sabados","17:25:00",,"Ida"
"Km. 5 1/2",6,"Sabados","17:41:00","por Paracao","Ida"
"Km. 5 1/2",6,"Sabados","17:57:00",,"Ida"
"Km. 5 1/2",6,"Sabados","18:13:00","por Paracao","Ida"
"Km. 5 1/2",6,"Sabados","18:29:00",,"Ida"
"Km. 5 1/2",6,"Sabados","18:45:00","por Paracao","Ida"
"Km. 5 1/2",6,"Sabados","19:01:00",,"Ida"
"Km. 5 1/2",6,"Sabados","19:17:00","por Paracao","Ida"
"Km. 5 1/2",6,"Sabados","19:33:00",,"Ida"
"Km. 5 1/2",6,"Sabados","19:51:00","por Paracao","Ida"
"Km. 5 1/2",6,"Sabados","20:09:00",,"Ida"
"Km. 5 1/2",6,"Sabados","20:26:00","por Paracao","Ida"
"Km. 5 1/2",6,"Sabados","20:45:00",,"Ida"
"Km. 5 1/2",6,"Sabados","21:05:00","por Paracao","Ida"
"Km. 5 1/2",6,"Sabados","21:25:00",,"Ida"
"Km. 5 1/2",6,"Sabados","21:47:00","por Paracao","Ida"
"Km. 5 1/2",6,"Sabados","22:10:00",,"Ida"
"Km. 5 1/2",6,"Sabados","22:30:00","por Paracao","Ida"
"Km. 5 1/2",6,"Sabados","22:53:00",,"Ida"
"Km. 5 1/2",6,"Sabados","23:18:00","por Paracao","Ida"
"Km. 5 1/2",6,"Sabados","23:43:00",,"Ida"
"Km. 5 1/2",6,"Sabados","00:08:00","por Paracao","Ida"
"Plaza 1ro de Mayo",6,"Sabados","05:19:00","por Paracao","Ida"
"Plaza 1ro de Mayo",6,"Sabados","05:47:00",,"Ida"
"Plaza 1ro de Mayo",6,"Sabados","06:24:00","por Paracao","Ida"
"Plaza 1ro de Mayo",6,"Sabados","06:54:00",,"Ida"
"Plaza 1ro de Mayo",6,"Sabados","07:18:00","por Paracao","Ida"
"Plaza 1ro de Mayo",6,"Sabados","07:38:00",,"Ida"
"Plaza 1ro de Mayo",6,"Sabados","07:54:00","por Paracao","Ida"
"Plaza 1ro de Mayo",6,"Sabados","08:10:00",,"Ida"
"Plaza 1ro de Mayo",6,"Sabados","08:26:00","por Paracao","Ida"
"Plaza 1ro de Mayo",6,"Sabados","08:42:00",,"Ida"
"Plaza 1ro de Mayo",6,"Sabados","08:58:00","por Paracao","Ida"
"Plaza 1ro de Mayo",6,"Sabados","09:14:00",,"Ida"
"Plaza 1ro de Mayo",6,"Sabados","09:30:00","por Paracao","Ida"
"Plaza 1ro de Mayo",6,"Sabados","09:46:00",,"Ida"
"Plaza 1ro de Mayo",6,"Sabados","10:02:00","por Paracao","Ida"
"Plaza 1ro de Mayo",6,"Sabados","10:18:00",,"Ida"
"Plaza 1ro de Mayo",6,"Sabados","10:34:00","por Paracao","Ida"
"Plaza 1ro de Mayo",6,"Sabados","10:50:00",,"Ida"
"Plaza 1ro de Mayo",6,"Sabados","11:06:00","por Paracao","Ida"
"Plaza 1ro de Mayo",6,"Sabados","11:22:00",,"Ida"
"Plaza 1ro de Mayo",6,"Sabados","11:38:00","por Paracao","Ida"
"Plaza 1ro de Mayo",6,"Sabados","11:54:00",,"Ida"
"Plaza 1ro de Mayo",6,"Sabados","12:10:00","por Paracao","Ida"
"Plaza 1ro de Mayo",6,"Sabados","12:26:00",,"Ida"
"Plaza 1ro de Mayo",6,"Sabados","12:42:00","por Paracao","Ida"
"Plaza 1ro de Mayo",6,"Sabados","12:59:00",,"Ida"
"Plaza 1ro de Mayo",6,"Sabados","13:21:00","por Paracao","Ida"
"Plaza 1ro de Mayo",6,"Sabados","13:43:00",,"Ida"
"Plaza 1ro de Mayo",6,"Sabados","14:05:00","por Paracao","Ida"
"Plaza 1ro de Mayo",6,"Sabados","14:27:00",,"Ida"
"Plaza 1ro de Mayo",6,"Sabados","14:49:00","por Paracao","Ida"
"Plaza 1ro de Mayo",6,"Sabados","15:11:00",,"Ida"
"Plaza 1ro de Mayo",6,"Sabados","15:33:00","por Paracao","Ida"
"Plaza 1ro de Mayo",6,"Sabados","15:55:00",,"Ida"
"Plaza 1ro de Mayo",6,"Sabados","16:17:00","por Paracao","Ida"
"Plaza 1ro de Mayo",6,"Sabados","16:39:00",,"Ida"
"Plaza 1ro de Mayo",6,"Sabados","17:01:00","por Paracao","Ida"
"Plaza 1ro de Mayo",6,"Sabados","17:20:00",,"Ida"
"Plaza 1ro de Mayo",6,"Sabados","17:36:00","por Paracao","Ida"
"Plaza 1ro de Mayo",6,"Sabados","17:52:00",,"Ida"
"Plaza 1ro de Mayo",6,"Sabados","18:08:00","por Paracao","Ida"
"Plaza 1ro de Mayo",6,"Sabados","18:24:00",,"Ida"
"Plaza 1ro de Mayo",6,"Sabados","18:40:00","por Paracao","Ida"
"Plaza 1ro de Mayo",6,"Sabados","18:56:00",,"Ida"
"Plaza 1ro de Mayo",6,"Sabados","19:12:00","por Paracao","Ida"
"Plaza 1ro de Mayo",6,"Sabados","19:28:00",,"Ida"
"Plaza 1ro de Mayo",6,"Sabados","19:44:00","por Paracao","Ida"
"Plaza 1ro de Mayo",6,"Sabados","20:00:00",,"Ida"
"Plaza 1ro de Mayo",6,"Sabados","20:18:00","por Paracao","Ida"
"Plaza 1ro de Mayo",6,"Sabados","20:36:00",,"Ida"
"Plaza 1ro de Mayo",6,"Sabados","20:53:00","por Paracao","Ida"
"Plaza 1ro de Mayo",6,"Sabados","21:12:00",,"Ida"
"Plaza 1ro de Mayo",6,"Sabados","21:32:00","por Paracao","Ida"
"Plaza 1ro de Mayo",6,"Sabados","21:52:00",,"Ida"
"Plaza 1ro de Mayo",6,"Sabados","22:14:00","por Paracao","Ida"
"Plaza 1ro de Mayo",6,"Sabados","22:36:00",,"Ida"
"Plaza 1ro de Mayo",6,"Sabados","22:55:00","por Paracao","Ida"
"Plaza 1ro de Mayo",6,"Sabados","23:15:00",,"Ida"
"Plaza 1ro de Mayo",6,"Sabados","23:40:00","por Paracao","Ida"
"Plaza 1ro de Mayo",6,"Sabados","00:04:00",,"Ida"
"Plaza 1ro de Mayo",6,"Sabados","00:29:00","por Paracao","Ida"
"Balneario Thompson",6,"Sabados","05:10:00",,"Ida"
"Balneario Thompson",6,"Sabados","05:29:00","por Paracao","Ida"
"Balneario Thompson",6,"Sabados","05:57:00",,"Ida"
"Balneario Thompson",6,"Sabados","06:34:00","por Paracao","Ida"
"Balneario Thompson",6,"Sabados","07:04:00",,"Ida"
"Balneario Thompson",6,"Sabados","07:29:00","por Paracao","Ida"
"Balneario Thompson",6,"Sabados","07:49:00",,"Ida"
"Balneario Thompson",6,"Sabados","08:05:00","por Paracao","Ida"
"Balneario Thompson",6,"Sabados","08:21:00",,"Ida"
"Balneario Thompson",6,"Sabados","08:37:00","por Paracao","Ida"
"Balneario Thompson",6,"Sabados","08:53:00",,"Ida"
"Balneario Thompson",6,"Sabados","09:09:00","por Paracao","Ida"
"Balneario Thompson",6,"Sabados","09:25:00",,"Ida"
"Balneario Thompson",6,"Sabados","09:41:00","por Paracao","Ida"
"Balneario Thompson",6,"Sabados","09:57:00",,"Ida"
"Balneario Thompson",6,"Sabados","10:13:00","por Paracao","Ida"
"Balneario Thompson",6,"Sabados","10:29:00",,"Ida"
"Balneario Thompson",6,"Sabados","10:45:00","por Paracao","Ida"
"Balneario Thompson",6,"Sabados","11:01:00",,"Ida"
"Balneario Thompson",6,"Sabados","11:17:00","por Paracao","Ida"
"Balneario Thompson",6,"Sabados","11:33:00",,"Ida"
"Balneario Thompson",6,"Sabados","11:49:00","por Paracao","Ida"
"Balneario Thompson",6,"Sabados","12:05:00",,"Ida"
"Balneario Thompson",6,"Sabados","12:21:00","por Paracao","Ida"
"Balneario Thompson",6,"Sabados","12:37:00",,"Ida"
"Balneario Thompson",6,"Sabados","12:53:00","por Paracao","Ida"
"Balneario Thompson",6,"Sabados","13:10:00",,"Ida"
"Balneario Thompson",6,"Sabados","13:32:00","por Paracao","Ida"
"Balneario Thompson",6,"Sabados","13:54:00",,"Ida"
"Balneario Thompson",6,"Sabados","14:16:00","por Paracao","Ida"
"Balneario Thompson",6,"Sabados","14:38:00",,"Ida"
"Balneario Thompson",6,"Sabados","15:00:00","por Paracao","Ida"
"Balneario Thompson",6,"Sabados","15:22:00",,"Ida"
"Balneario Thompson",6,"Sabados","15:44:00","por Paracao","Ida"
"Balneario Thompson",6,"Sabados","16:06:00",,"Ida"
"Balneario Thompson",6,"Sabados","16:28:00","por Paracao","Ida"
"Balneario Thompson",6,"Sabados","16:50:00",,"Ida"
"Balneario Thompson",6,"Sabados","17:12:00","por Paracao","Ida"
"Balneario Thompson",6,"Sabados","17:31:00",,"Ida"
"Balneario Thompson",6,"Sabados","17:47:00","por Paracao","Ida"
"Balneario Thompson",6,"Sabados","18:03:00",,"Ida"
"Balneario Thompson",6,"Sabados","18:19:00","por Paracao","Ida"
"Balneario Thompson",6,"Sabados","18:35:00",,"Ida"
"Balneario Thompson",6,"Sabados","18:51:00","por Paracao","Ida"
"Balneario Thompson",6,"Sabados","19:07:00",,"Ida"
"Balneario Thompson",6,"Sabados","19:23:00","por Paracao","Ida"
"Balneario Thompson",6,"Sabados","19:39:00",,"Ida"
"Balneario Thompson",6,"Sabados","19:55:00","por Paracao","Ida"
"Balneario Thompson",6,"Sabados","20:11:00",,"Ida"
"Balneario Thompson",6,"Sabados","20:29:00","por Paracao","Ida"
"Balneario Thompson",6,"Sabados","20:47:00",,"Ida"
"Balneario Thompson",6,"Sabados","21:04:00","por Paracao","Ida"
"Balneario Thompson",6,"Sabados","21:23:00",,"Ida"
"Balneario Thompson",6,"Sabados","21:43:00","por Paracao","Ida"
"Balneario Thompson",6,"Sabados","22:03:00",,"Ida"
"Balneario Thompson",6,"Sabados","22:25:00","por Paracao","Ida"
"Balneario Thompson",6,"Sabados","22:47:00",,"Ida"
"Balneario Thompson",6,"Sabados","23:05:00","por Paracao","Ida"
"Balneario Thompson",6,"Sabados","23:25:00",,"Ida"
"Balneario Thompson",6,"Sabados","23:50:00","por Paracao","Ida"
"Balneario Thompson",6,"Sabados","00:14:00",,"Ida"
"Balneario Thompson",6,"Sabados","00:39:00","por Paracao","Ida"
"Plaza Alvear",6,"Sabados","05:20:00",,"Vuelta"
"Plaza Alvear",6,"Sabados","05:39:00","por Paracao","Vuelta"
"Plaza Alvear",6,"Sabados","06:07:00",,"Vuelta"
"Plaza Alvear",6,"Sabados","06:45:00","por Paracao","Vuelta"
"Plaza Alvear",6,"Sabados","07:16:00",,"Vuelta"
"Plaza Alvear",6,"Sabados","07:41:00","por Paracao","Vuelta"
"Plaza Alvear",6,"Sabados","08:01:00",,"Vuelta"
"Plaza Alvear",6,"Sabados","08:17:00","por Paracao","Vuelta"
"Plaza Alvear",6,"Sabados","08:33:00",,"Vuelta"
"Plaza Alvear",6,"Sabados","08:49:00","por Paracao","Vuelta"
"Plaza Alvear",6,"Sabados","09:05:00",,"Vuelta"
"Plaza Alvear",6,"Sabados","09:21:00","por Paracao","Vuelta"
"Plaza Alvear",6,"Sabados","09:37:00",,"Vuelta"
"Plaza Alvear",6,"Sabados","09:53:00","por Paracao","Vuelta"
"Plaza Alvear",6,"Sabados","10:09:00",,"Vuelta"
"Plaza Alvear",6,"Sabados","10:25:00","por Paracao","Vuelta"
"Plaza Alvear",6,"Sabados","10:41:00",,"Vuelta"
"Plaza Alvear",6,"Sabados","10:57:00","por Paracao","Vuelta"
"Plaza Alvear",6,"Sabados","11:13:00",,"Vuelta"
"Plaza Alvear",6,"Sabados","11:29:00","por Paracao","Vuelta"
"Plaza Alvear",6,"Sabados","11:45:00",,"Vuelta"
"Plaza Alvear",6,"Sabados","12:01:00","por Paracao","Vuelta"
"Plaza Alvear",6,"Sabados","12:17:00",,"Vuelta"
"Plaza Alvear",6,"Sabados","12:33:00","por Paracao","Vuelta"
"Plaza Alvear",6,"Sabados","12:49:00",,"Vuelta"
"Plaza Alvear",6,"Sabados","13:05:00","por Paracao","Vuelta"
"Plaza Alvear",6,"Sabados","13:22:00",,"Vuelta"
"Plaza Alvear",6,"Sabados","13:44:00","por Paracao","Vuelta"
"Plaza Alvear",6,"Sabados","14:06:00",,"Vuelta"
"Plaza Alvear",6,"Sabados","14:28:00","por Paracao","Vuelta"
"Plaza Alvear",6,"Sabados","14:50:00",,"Vuelta"
"Plaza Alvear",6,"Sabados","15:12:00","por Paracao","Vuelta"
"Plaza Alvear",6,"Sabados","15:34:00",,"Vuelta"
"Plaza Alvear",6,"Sabados","15:56:00","por Paracao","Vuelta"
"Plaza Alvear",6,"Sabados","16:18:00",,"Vuelta"
"Plaza Alvear",6,"Sabados","16:40:00","por Paracao","Vuelta"
"Plaza Alvear",6,"Sabados","17:02:00",,"Vuelta"
"Plaza Alvear",6,"Sabados","17:24:00","por Paracao","Vuelta"
"Plaza Alvear",6,"Sabados","17:43:00",,"Vuelta"
"Plaza Alvear",6,"Sabados","17:59:00","por Paracao","Vuelta"
"Plaza Alvear",6,"Sabados","18:15:00",,"Vuelta"
"Plaza Alvear",6,"Sabados","18:31:00","por Paracao","Vuelta"
"Plaza Alvear",6,"Sabados","18:47:00",,"Vuelta"
"Plaza Alvear",6,"Sabados","19:03:00","por Paracao","Vuelta"
"Plaza Alvear",6,"Sabados","19:19:00",,"Vuelta"
"Plaza Alvear",6,"Sabados","19:35:00","por Paracao","Vuelta"
"Plaza Alvear",6,"Sabados","19:51:00",,"Vuelta"
"Plaza Alvear",6,"Sabados","20:07:00","por Paracao","Vuelta"
"Plaza Alvear",6,"Sabados","20:23:00",,"Vuelta"
"Plaza Alvear",6,"Sabados","20:41:00","por Paracao","Vuelta"
"Plaza Alvear",6,"Sabados","20:59:00",,"Vuelta"
"Plaza Alvear",6,"Sabados","21:16:00","por Paracao","Vuelta"
"Plaza Alvear",6,"Sabados","21:35:00",,"Vuelta"
"Plaza Alvear",6,"Sabados","21:55:00","por Paracao","Vuelta"
"Plaza Alvear",6,"Sabados","22:15:00",,"Vuelta"
"Plaza Alvear",6,"Sabados","22:36:00","por Paracao","Vuelta"
"Plaza Alvear",6,"Sabados","22:58:00",,"Vuelta"
"Plaza Alvear",6,"Sabados","23:17:00","por Paracao","Vuelta"
"Plaza Alvear",6,"Sabados","23:35:00",,"Vuelta"
"Plaza Alvear",6,"Sabados","00:00:00","por Paracao","Vuelta"
"Plaza Alberdi",6,"Sabados","05:26:00",,"Vuelta"
"Plaza Alberdi",6,"Sabados","05:45:00","por Paracao","Vuelta"
"Plaza Alberdi",6,"Sabados","06:13:00",,"Vuelta"
"Plaza Alberdi",6,"Sabados","06:51:00","por Paracao","Vuelta"
"Plaza Alberdi",6,"Sabados","07:23:00",,"Vuelta"
"Plaza Alberdi",6,"Sabados","07:49:00","por Paracao","Vuelta"
"Plaza Alberdi",6,"Sabados","08:09:00",,"Vuelta"
"Plaza Alberdi",6,"Sabados","08:25:00","por Paracao","Vuelta"
"Plaza Alberdi",6,"Sabados","08:41:00",,"Vuelta"
"Plaza Alberdi",6,"Sabados","08:57:00","por Paracao","Vuelta"
"Plaza Alberdi",6,"Sabados","09:13:00",,"Vuelta"
"Plaza Alberdi",6,"Sabados","09:29:00","por Paracao","Vuelta"
"Plaza Alberdi",6,"Sabados","09:45:00",,"Vuelta"
"Plaza Alberdi",6,"Sabados","10:01:00","por Paracao","Vuelta"
"Plaza Alberdi",6,"Sabados","10:17:00",,"Vuelta"
"Plaza Alberdi",6,"Sabados","10:33:00","por Paracao","Vuelta"
"Plaza Alberdi",6,"Sabados","10:49:00",,"Vuelta"
"Plaza Alberdi",6,"Sabados","11:05:00","por Paracao","Vuelta"
"Plaza Alberdi",6,"Sabados","11:21:00",,"Vuelta"
"Plaza Alberdi",6,"Sabados","11:37:00","por Paracao","Vuelta"
"Plaza Alberdi",6,"Sabados","11:53:00",,"Vuelta"
"Plaza Alberdi",6,"Sabados","12:09:00","por Paracao","Vuelta"
"Plaza Alberdi",6,"Sabados","12:25:00",,"Vuelta"
"Plaza Alberdi",6,"Sabados","12:41:00","por Paracao","Vuelta"
"Plaza Alberdi",6,"Sabados","12:57:00",,"Vuelta"
"Plaza Alberdi",6,"Sabados","13:13:00","por Paracao","Vuelta"
"Plaza Alberdi",6,"Sabados","13:30:00",,"Vuelta"
"Plaza Alberdi",6,"Sabados","13:52:00","por Paracao","Vuelta"
"Plaza Alberdi",6,"Sabados","14:14:00",,"Vuelta"
"Plaza Alberdi",6,"Sabados","14:36:00","por Paracao","Vuelta"
"Plaza Alberdi",6,"Sabados","14:58:00",,"Vuelta"
"Plaza Alberdi",6,"Sabados","15:20:00","por Paracao","Vuelta"
"Plaza Alberdi",6,"Sabados","15:42:00",,"Vuelta"
"Plaza Alberdi",6,"Sabados","16:04:00","por Paracao","Vuelta"
"Plaza Alberdi",6,"Sabados","16:26:00",,"Vuelta"
"Plaza Alberdi",6,"Sabados","16:48:00","por Paracao","Vuelta"
"Plaza Alberdi",6,"Sabados","17:10:00",,"Vuelta"
"Plaza Alberdi",6,"Sabados","17:32:00","por Paracao","Vuelta"
"Plaza Alberdi",6,"Sabados","17:51:00",,"Vuelta"
"Plaza Alberdi",6,"Sabados","18:07:00","por Paracao","Vuelta"
"Plaza Alberdi",6,"Sabados","18:23:00",,"Vuelta"
"Plaza Alberdi",6,"Sabados","18:39:00","por Paracao","Vuelta"
"Plaza Alberdi",6,"Sabados","18:55:00",,"Vuelta"
"Plaza Alberdi",6,"Sabados","19:11:00","por Paracao","Vuelta"
"Plaza Alberdi",6,"Sabados","19:27:00",,"Vuelta"
"Plaza Alberdi",6,"Sabados","19:43:00","por Paracao","Vuelta"
"Plaza Alberdi",6,"Sabados","19:59:00",,"Vuelta"
"Plaza Alberdi",6,"Sabados","20:15:00","por Paracao","Vuelta"
"Plaza Alberdi",6,"Sabados","20:31:00",,"Vuelta"
"Plaza Alberdi",6,"Sabados","20:49:00","por Paracao","Vuelta"
"Plaza Alberdi",6,"Sabados","21:07:00",,"Vuelta"
"Plaza Alberdi",6,"Sabados","21:24:00","por Paracao","Vuelta"
"Plaza Alberdi",6,"Sabados","21:43:00",,"Vuelta"
"Plaza Alberdi",6,"Sabados","22:03:00","por Paracao","Vuelta"
"Plaza Alberdi",6,"Sabados","22:23:00",,"Vuelta"
"Plaza Alberdi",6,"Sabados","22:45:00","por Paracao","Vuelta"
"Plaza Alberdi",6,"Sabados","23:06:00",,"Vuelta"
"Plaza Alberdi",6,"Sabados","23:25:00","por Paracao","Vuelta"
"Plaza Alberdi",6,"Sabados","23:41:00",,"Vuelta"
"Plaza Alberdi",6,"Sabados","00:06:00","por Paracao","Vuelta"
"Km. 5 1/2",6,"Sabados","05:43:00",,"Vuelta"
"Km. 5 1/2",6,"Sabados","06:02:00","por Paracao","Vuelta"
"Km. 5 1/2",6,"Sabados","06:31:00",,"Vuelta"
"Km. 5 1/2",6,"Sabados","07:09:00","por Paracao","Vuelta"
"Km. 5 1/2",6,"Sabados","07:42:00",,"Vuelta"
"Km. 5 1/2",6,"Sabados","08:10:00","por Paracao","Vuelta"
"Km. 5 1/2",6,"Sabados","08:30:00",,"Vuelta"
"Km. 5 1/2",6,"Sabados","08:46:00","por Paracao","Vuelta"
"Km. 5 1/2",6,"Sabados","09:02:00",,"Vuelta"
"Km. 5 1/2",6,"Sabados","09:18:00","por Paracao","Vuelta"
"Km. 5 1/2",6,"Sabados","09:34:00",,"Vuelta"
"Km. 5 1/2",6,"Sabados","09:50:00","por Paracao","Vuelta"
"Km. 5 1/2",6,"Sabados","10:06:00",,"Vuelta"
"Km. 5 1/2",6,"Sabados","10:22:00","por Paracao","Vuelta"
"Km. 5 1/2",6,"Sabados","10:38:00",,"Vuelta"
"Km. 5 1/2",6,"Sabados","10:54:00","por Paracao","Vuelta"
"Km. 5 1/2",6,"Sabados","11:10:00",,"Vuelta"
"Km. 5 1/2",6,"Sabados","11:26:00","por Paracao","Vuelta"
"Km. 5 1/2",6,"Sabados","11:42:00",,"Vuelta"
"Km. 5 1/2",6,"Sabados","11:58:00","por Paracao","Vuelta"
"Km. 5 1/2",6,"Sabados","12:14:00",,"Vuelta"
"Km. 5 1/2",6,"Sabados","12:30:00","por Paracao","Vuelta"
"Km. 5 1/2",6,"Sabados","12:46:00",,"Vuelta"
"Km. 5 1/2",6,"Sabados","13:02:00","por Paracao","Vuelta"
"Km. 5 1/2",6,"Sabados","13:18:00",,"Vuelta"
"Km. 5 1/2",6,"Sabados","13:34:00","por Paracao","Vuelta"
"Km. 5 1/2",6,"Sabados","13:50:00",,"Vuelta"
"Km. 5 1/2",6,"Sabados","14:12:00","por Paracao","Vuelta"
"Km. 5 1/2",6,"Sabados","14:34:00",,"Vuelta"
"Km. 5 1/2",6,"Sabados","14:56:00","por Paracao","Vuelta"
"Km. 5 1/2",6,"Sabados","15:18:00",,"Vuelta"
"Km. 5 1/2",6,"Sabados","15:40:00","por Paracao","Vuelta"
"Km. 5 1/2",6,"Sabados","16:02:00",,"Vuelta"
"Km. 5 1/2",6,"Sabados","16:24:00","por Paracao","Vuelta"
"Km. 5 1/2",6,"Sabados","16:46:00",,"Vuelta"
"Km. 5 1/2",6,"Sabados","17:08:00","por Paracao","Vuelta"
"Km. 5 1/2",6,"Sabados","17:30:00",,"Vuelta"
"Km. 5 1/2",6,"Sabados","17:52:00","por Paracao","Vuelta"
"Km. 5 1/2",6,"Sabados","18:12:00",,"Vuelta"
"Km. 5 1/2",6,"Sabados","18:28:00","por Paracao","Vuelta"
"Km. 5 1/2",6,"Sabados","18:44:00",,"Vuelta"
"Km. 5 1/2",6,"Sabados","19:00:00","por Paracao","Vuelta"
"Km. 5 1/2",6,"Sabados","19:16:00",,"Vuelta"
"Km. 5 1/2",6,"Sabados","19:32:00","por Paracao","Vuelta"
"Km. 5 1/2",6,"Sabados","19:48:00",,"Vuelta"
"Km. 5 1/2",6,"Sabados","20:04:00","por Paracao","Vuelta"
"Km. 5 1/2",6,"Sabados","20:20:00",,"Vuelta"
"Km. 5 1/2",6,"Sabados","20:36:00","por Paracao","Vuelta"
"Km. 5 1/2",6,"Sabados","20:52:00",,"Vuelta"
"Km. 5 1/2",6,"Sabados","21:10:00","por Paracao","Vuelta"
"Km. 5 1/2",6,"Sabados","21:28:00",,"Vuelta"
"Km. 5 1/2",6,"Sabados","21:45:00","por Paracao","Vuelta"
"Km. 5 1/2",6,"Sabados","22:03:00",,"Vuelta"
"Km. 5 1/2",6,"Sabados","22:23:00","por Paracao","Vuelta"
"Km. 5 1/2",6,"Sabados","22:43:00",,"Vuelta"
"Km. 5 1/2",6,"Sabados","23:05:00","por Paracao","Vuelta"
"Km. 5 1/2",6,"Sabados","23:25:00",,"Vuelta"
"Km. 5 1/2",6,"Sabados","23:45:00","por Paracao","Vuelta"
"Km. 5 1/2",6,"Sabados","23:58:00",,"Vuelta"
"Km. 5 1/2",6,"Sabados","00:23:00","por Paracao","Vuelta"
"Oro Verde",6,"Sabados","05:50:00",,"Vuelta"
"Oro Verde",6,"Sabados","06:09:00","por Paracao","Vuelta"
"Oro Verde",6,"Sabados","06:38:00",,"Vuelta"
"Oro Verde",6,"Sabados","07:16:00","por Paracao","Vuelta"
"Oro Verde",6,"Sabados","07:49:00",,"Vuelta"
"Oro Verde",6,"Sabados","08:17:00","por Paracao","Vuelta"
"Oro Verde",6,"Sabados","08:37:00",,"Vuelta"
"Oro Verde",6,"Sabados","08:53:00","por Paracao","Vuelta"
"Oro Verde",6,"Sabados","09:09:00",,"Vuelta"
"Oro Verde",6,"Sabados","09:25:00","por Paracao","Vuelta"
"Oro Verde",6,"Sabados","09:41:00",,"Vuelta"
"Oro Verde",6,"Sabados","09:57:00","por Paracao","Vuelta"
"Oro Verde",6,"Sabados","10:13:00",,"Vuelta"
"Oro Verde",6,"Sabados","10:29:00","por Paracao","Vuelta"
"Oro Verde",6,"Sabados","10:45:00",,"Vuelta"
"Oro Verde",6,"Sabados","11:01:00","por Paracao","Vuelta"
"Oro Verde",6,"Sabados","11:17:00",,"Vuelta"
"Oro Verde",6,"Sabados","11:33:00","por Paracao","Vuelta"
"Oro Verde",6,"Sabados","11:49:00",,"Vuelta"
"Oro Verde",6,"Sabados","12:05:00","por Paracao","Vuelta"
"Oro Verde",6,"Sabados","12:21:00",,"Vuelta"
"Oro Verde",6,"Sabados","12:37:00","por Paracao","Vuelta"
"Oro Verde",6,"Sabados","12:53:00",,"Vuelta"
"Oro Verde",6,"Sabados","13:09:00","por Paracao","Vuelta"
"Oro Verde",6,"Sabados","13:25:00",,"Vuelta"
"Oro Verde",6,"Sabados","13:41:00","por Paracao","Vuelta"
"Oro Verde",6,"Sabados","13:57:00",,"Vuelta"
"Oro Verde",6,"Sabados","14:19:00","por Paracao","Vuelta"
"Oro Verde",6,"Sabados","14:41:00",,"Vuelta"
"Oro Verde",6,"Sabados","15:03:00","por Paracao","Vuelta"
"Oro Verde",6,"Sabados","15:25:00",,"Vuelta"
"Oro Verde",6,"Sabados","15:47:00","por Paracao","Vuelta"
"Oro Verde",6,"Sabados","16:09:00",,"Vuelta"
"Oro Verde",6,"Sabados","16:31:00","por Paracao","Vuelta"
"Oro Verde",6,"Sabados","16:53:00",,"Vuelta"
"Oro Verde",6,"Sabados","17:15:00","por Paracao","Vuelta"
"Oro Verde",6,"Sabados","17:37:00",,"Vuelta"
"Oro Verde",6,"Sabados","17:59:00","por Paracao","Vuelta"
"Oro Verde",6,"Sabados","18:19:00",,"Vuelta"
"Oro Verde",6,"Sabados","18:35:00","por Paracao","Vuelta"
"Oro Verde",6,"Sabados","18:51:00",,"Vuelta"
"Oro Verde",6,"Sabados","19:07:00","por Paracao","Vuelta"
"Oro Verde",6,"Sabados","19:23:00",,"Vuelta"
"Oro Verde",6,"Sabados","19:39:00","por Paracao","Vuelta"
"Oro Verde",6,"Sabados","19:55:00",,"Vuelta"
"Oro Verde",6,"Sabados","20:11:00","por Paracao","Vuelta"
"Oro Verde",6,"Sabados","20:27:00",,"Vuelta"
"Oro Verde",6,"Sabados","20:43:00","por Paracao","Vuelta"
"Oro Verde",6,"Sabados","20:59:00",,"Vuelta"
"Oro Verde",6,"Sabados","21:17:00","por Paracao","Vuelta"
"Oro Verde",6,"Sabados","21:35:00",,"Vuelta"
"Oro Verde",6,"Sabados","21:52:00","por Paracao","Vuelta"
"Oro Verde",6,"Sabados","22:10:00",,"Vuelta"
"Oro Verde",6,"Sabados","22:30:00","por Paracao","Vuelta"
"Oro Verde",6,"Sabados","22:50:00",,"Vuelta"
"Oro Verde",6,"Sabados","23:12:00","por Paracao","Vuelta"
"Oro Verde",6,"Sabados","23:32:00",,"Vuelta"
"Oro Verde",6,"Sabados","23:52:00","por Paracao","Vuelta"
"Oro Verde",6,"Sabados","00:05:00",,"Vuelta"
"Oro Verde",6,"Sabados","00:30:00","por Paracao","Vuelta"
