"BusStop Name (ignored)","BusStop ID","Line","Days","Time","Comment","Direction"
"Barrio Policial",30,1,"Habiles",4:35:00,"por Thompson","Ida"
"Barrio Policial",30,1,"Habiles",4:50:00,"por Thompson","Ida"
"Barrio Policial",30,1,"Habiles",5:05:00,"por Thompson","Ida"
"Barrio Policial",30,1,"Habiles",5:20:00,,"Ida"
"Barrio Policial",30,1,"Habiles",5:30:00,"por Thompson","Ida"
"Barrio Policial",30,1,"Habiles",5:41:00,,"Ida"
"Barrio Policial",30,1,"Habiles",5:52:00,,"Ida"
"Barrio Policial",30,1,"Habiles",6:00:00,"por Thompson","Ida"
"Barrio Policial",30,1,"Habiles",6:07:00,,"Ida"
"Barrio Policial",30,1,"Habiles",6:14:00,,"Ida"
"Barrio Policial",30,1,"Habiles",6:20:00,,"Ida"
"Barrio Policial",30,1,"Habiles",6:24:00,"por Thompson","Ida"
"Barrio Policial",30,1,"Habiles",6:32:00,,"Ida"
"Barrio Policial",30,1,"Habiles",6:39:00,,"Ida"
"Barrio Policial",30,1,"Habiles",6:45:00,,"Ida"
"Barrio Policial",30,1,"Habiles",6:50:00,"por Thompson","Ida"
"Barrio Policial",30,1,"Habiles",6:57:00,,"Ida"
"Barrio Policial",30,1,"Habiles",7:04:00,,"Ida"
"Barrio Policial",30,1,"Habiles",7:10:00,,"Ida"
"Barrio Policial",30,1,"Habiles",7:14:00,"por Thompson","Ida"
"Barrio Policial",30,1,"Habiles",7:22:00,,"Ida"
"Barrio Policial",30,1,"Habiles",7:28:00,,"Ida"
"Barrio Policial",30,1,"Habiles",7:34:00,,"Ida"
"Barrio Policial",30,1,"Habiles",7:38:00,"por Thompson","Ida"
"Barrio Policial",30,1,"Habiles",7:45:00,,"Ida"
"Barrio Policial",30,1,"Habiles",7:51:00,,"Ida"
"Barrio Policial",30,1,"Habiles",7:57:00,,"Ida"
"Barrio Policial",30,1,"Habiles",8:01:00,"por Thompson","Ida"
"Barrio Policial",30,1,"Habiles",8:09:00,,"Ida"
"Barrio Policial",30,1,"Habiles",8:16:00,,"Ida"
"Barrio Policial",30,1,"Habiles",8:23:00,,"Ida"
"Barrio Policial",30,1,"Habiles",8:28:00,"por Thompson","Ida"
"Barrio Policial",30,1,"Habiles",8:35:00,,"Ida"
"Barrio Policial",30,1,"Habiles",8:41:00,,"Ida"
"Barrio Policial",30,1,"Habiles",8:47:00,,"Ida"
"Barrio Policial",30,1,"Habiles",8:52:00,"por Thompson","Ida"
"Barrio Policial",30,1,"Habiles",8:59:00,,"Ida"
"Barrio Policial",30,1,"Habiles",9:05:00,,"Ida"
"Barrio Policial",30,1,"Habiles",9:11:00,,"Ida"
"Barrio Policial",30,1,"Habiles",9:15:00,"por Thompson","Ida"
"Barrio Policial",30,1,"Habiles",9:23:00,,"Ida"
"Barrio Policial",30,1,"Habiles",9:29:00,,"Ida"
"Barrio Policial",30,1,"Habiles",9:35:00,,"Ida"
"Barrio Policial",30,1,"Habiles",9:40:00,"por Thompson","Ida"
"Barrio Policial",30,1,"Habiles",9:47:00,,"Ida"
"Barrio Policial",30,1,"Habiles",9:53:00,,"Ida"
"Barrio Policial",30,1,"Habiles",9:59:00,,"Ida"
"Barrio Policial",30,1,"Habiles",10:03:00,"por Thompson","Ida"
"Barrio Policial",30,1,"Habiles",10:11:00,,"Ida"
"Barrio Policial",30,1,"Habiles",10:17:00,,"Ida"
"Barrio Policial",30,1,"Habiles",10:23:00,,"Ida"
"Barrio Policial",30,1,"Habiles",10:27:00,"por Thompson","Ida"
"Barrio Policial",30,1,"Habiles",10:35:00,,"Ida"
"Barrio Policial",30,1,"Habiles",10:41:00,,"Ida"
"Barrio Policial",30,1,"Habiles",10:47:00,,"Ida"
"Barrio Policial",30,1,"Habiles",10:51:00,"por Thompson","Ida"
"Barrio Policial",30,1,"Habiles",10:59:00,,"Ida"
"Barrio Policial",30,1,"Habiles",11:05:00,,"Ida"
"Barrio Policial",30,1,"Habiles",11:11:00,,"Ida"
"Barrio Policial",30,1,"Habiles",11:15:00,"por Thompson","Ida"
"Barrio Policial",30,1,"Habiles",11:23:00,,"Ida"
"Barrio Policial",30,1,"Habiles",11:29:00,,"Ida"
"Barrio Policial",30,1,"Habiles",11:35:00,,"Ida"
"Barrio Policial",30,1,"Habiles",11:39:00,"por Thompson","Ida"
"Barrio Policial",30,1,"Habiles",11:47:00,,"Ida"
"Barrio Policial",30,1,"Habiles",11:53:00,,"Ida"
"Barrio Policial",30,1,"Habiles",11:59:00,,"Ida"
"Barrio Policial",30,1,"Habiles",12:03:00,"por Thompson","Ida"
"Barrio Policial",30,1,"Habiles",12:11:00,,"Ida"
"Barrio Policial",30,1,"Habiles",12:17:00,,"Ida"
"Barrio Policial",30,1,"Habiles",12:23:00,,"Ida"
"Barrio Policial",30,1,"Habiles",12:27:00,"por Thompson","Ida"
"Barrio Policial",30,1,"Habiles",12:35:00,,"Ida"
"Barrio Policial",30,1,"Habiles",12:41:00,,"Ida"
"Barrio Policial",30,1,"Habiles",12:47:00,,"Ida"
"Barrio Policial",30,1,"Habiles",12:56:00,"por Thompson","Ida"
"Barrio Policial",30,1,"Habiles",13:08:00,,"Ida"
"Barrio Policial",30,1,"Habiles",13:19:00,,"Ida"
"Barrio Policial",30,1,"Habiles",13:28:00,"por Thompson","Ida"
"Barrio Policial",30,1,"Habiles",13:40:00,,"Ida"
"Barrio Policial",30,1,"Habiles",13:51:00,,"Ida"
"Barrio Policial",30,1,"Habiles",14:00:00,"por Thompson","Ida"
"Barrio Policial",30,1,"Habiles",14:12:00,,"Ida"
"Barrio Policial",30,1,"Habiles",14:23:00,,"Ida"
"Barrio Policial",30,1,"Habiles",14:32:00,"por Thompson","Ida"
"Barrio Policial",30,1,"Habiles",14:44:00,,"Ida"
"Barrio Policial",30,1,"Habiles",14:55:00,,"Ida"
"Barrio Policial",30,1,"Habiles",15:04:00,"por Thompson","Ida"
"Barrio Policial",30,1,"Habiles",15:16:00,,"Ida"
"Barrio Policial",30,1,"Habiles",15:27:00,,"Ida"
"Barrio Policial",30,1,"Habiles",15:36:00,"por Thompson","Ida"
"Barrio Policial",30,1,"Habiles",15:48:00,,"Ida"
"Barrio Policial",30,1,"Habiles",15:59:00,,"Ida"
"Barrio Policial",30,1,"Habiles",16:08:00,"por Thompson","Ida"
"Barrio Policial",30,1,"Habiles",16:15:00,,"Ida"
"Barrio Policial",30,1,"Habiles",16:21:00,,"Ida"
"Barrio Policial",30,1,"Habiles",16:27:00,,"Ida"
"Barrio Policial",30,1,"Habiles",16:31:00,"por Thompson","Ida"
"Barrio Policial",30,1,"Habiles",16:39:00,,"Ida"
"Barrio Policial",30,1,"Habiles",16:45:00,,"Ida"
"Barrio Policial",30,1,"Habiles",16:51:00,,"Ida"
"Barrio Policial",30,1,"Habiles",16:55:00,"por Thompson","Ida"
"Barrio Policial",30,1,"Habiles",17:03:00,,"Ida"
"Barrio Policial",30,1,"Habiles",17:09:00,,"Ida"
"Barrio Policial",30,1,"Habiles",17:15:00,,"Ida"
"Barrio Policial",30,1,"Habiles",17:19:00,"por Thompson","Ida"
"Barrio Policial",30,1,"Habiles",17:27:00,,"Ida"
"Barrio Policial",30,1,"Habiles",17:33:00,,"Ida"
"Barrio Policial",30,1,"Habiles",17:39:00,,"Ida"
"Barrio Policial",30,1,"Habiles",17:43:00,"por Thompson","Ida"
"Barrio Policial",30,1,"Habiles",17:51:00,,"Ida"
"Barrio Policial",30,1,"Habiles",17:57:00,,"Ida"
"Barrio Policial",30,1,"Habiles",18:03:00,,"Ida"
"Barrio Policial",30,1,"Habiles",18:07:00,"por Thompson","Ida"
"Barrio Policial",30,1,"Habiles",18:15:00,,"Ida"
"Barrio Policial",30,1,"Habiles",18:21:00,,"Ida"
"Barrio Policial",30,1,"Habiles",18:27:00,,"Ida"
"Barrio Policial",30,1,"Habiles",18:31:00,"por Thompson","Ida"
"Barrio Policial",30,1,"Habiles",18:39:00,,"Ida"
"Barrio Policial",30,1,"Habiles",18:45:00,,"Ida"
"Barrio Policial",30,1,"Habiles",18:51:00,,"Ida"
"Barrio Policial",30,1,"Habiles",18:55:00,"por Thompson","Ida"
"Barrio Policial",30,1,"Habiles",19:03:00,,"Ida"
"Barrio Policial",30,1,"Habiles",19:09:00,,"Ida"
"Barrio Policial",30,1,"Habiles",19:15:00,,"Ida"
"Barrio Policial",30,1,"Habiles",19:19:00,"por Thompson","Ida"
"Barrio Policial",30,1,"Habiles",19:27:00,,"Ida"
"Barrio Policial",30,1,"Habiles",19:35:00,,"Ida"
"Barrio Policial",30,1,"Habiles",19:43:00,,"Ida"
"Barrio Policial",30,1,"Habiles",19:51:00,"por Thompson","Ida"
"Barrio Policial",30,1,"Habiles",19:58:00,,"Ida"
"Barrio Policial",30,1,"Habiles",20:06:00,,"Ida"
"Barrio Policial",30,1,"Habiles",20:15:00,,"Ida"
"Barrio Policial",30,1,"Habiles",20:21:00,"por Thompson","Ida"
"Barrio Policial",30,1,"Habiles",20:29:00,,"Ida"
"Barrio Policial",30,1,"Habiles",20:37:00,,"Ida"
"Barrio Policial",30,1,"Habiles",20:46:00,,"Ida"
"Barrio Policial",30,1,"Habiles",20:52:00,"por Thompson","Ida"
"Barrio Policial",30,1,"Habiles",21:02:00,,"Ida"
"Barrio Policial",30,1,"Habiles",21:12:00,,"Ida"
"Barrio Policial",30,1,"Habiles",21:20:00,"por Thompson","Ida"
"Barrio Policial",30,1,"Habiles",21:33:00,,"Ida"
"Barrio Policial",30,1,"Habiles",21:45:00,,"Ida"
"Barrio Policial",30,1,"Habiles",21:56:00,"por Thompson","Ida"
"Barrio Policial",30,1,"Habiles",22:10:00,,"Ida"
"Barrio Policial",30,1,"Habiles",22:24:00,,"Ida"
"Barrio Policial",30,1,"Habiles",22:37:00,"por Thompson","Ida"
"Barrio Policial",30,1,"Habiles",22:55:00,,"Ida"
"Barrio Policial",30,1,"Habiles",23:13:00,"por Thompson","Ida"
"Barrio Policial",30,1,"Habiles",23:32:00,"por Thompson","Ida"
"Barrio Policial",30,1,"Habiles",0:00:00,"por Thompson","Ida"
"Churruarin y Rondeau",31,1,"Habiles",4:47:00,"por Thompson","Ida"
"Churruarin y Rondeau",31,1,"Habiles",5:02:00,"por Thompson","Ida"
"Churruarin y Rondeau",31,1,"Habiles",5:18:00,"por Thompson","Ida"
"Churruarin y Rondeau",31,1,"Habiles",5:31:00,,"Ida"
"Churruarin y Rondeau",31,1,"Habiles",5:43:00,"por Thompson","Ida"
"Churruarin y Rondeau",31,1,"Habiles",5:53:00,,"Ida"
"Churruarin y Rondeau",31,1,"Habiles",6:04:00,,"Ida"
"Churruarin y Rondeau",31,1,"Habiles",6:14:00,"por Thompson","Ida"
"Churruarin y Rondeau",31,1,"Habiles",6:19:00,,"Ida"
"Churruarin y Rondeau",31,1,"Habiles",6:26:00,,"Ida"
"Churruarin y Rondeau",31,1,"Habiles",6:32:00,,"Ida"
"Churruarin y Rondeau",31,1,"Habiles",6:38:00,"por Thompson","Ida"
"Churruarin y Rondeau",31,1,"Habiles",6:44:00,,"Ida"
"Churruarin y Rondeau",31,1,"Habiles",6:51:00,,"Ida"
"Churruarin y Rondeau",31,1,"Habiles",6:57:00,,"Ida"
"Churruarin y Rondeau",31,1,"Habiles",7:04:00,"por Thompson","Ida"
"Churruarin y Rondeau",31,1,"Habiles",7:09:00,,"Ida"
"Churruarin y Rondeau",31,1,"Habiles",7:16:00,,"Ida"
"Churruarin y Rondeau",31,1,"Habiles",7:22:00,,"Ida"
"Churruarin y Rondeau",31,1,"Habiles",7:28:00,"por Thompson","Ida"
"Churruarin y Rondeau",31,1,"Habiles",7:34:00,,"Ida"
"Churruarin y Rondeau",31,1,"Habiles",7:40:00,,"Ida"
"Churruarin y Rondeau",31,1,"Habiles",7:46:00,,"Ida"
"Churruarin y Rondeau",31,1,"Habiles",7:52:00,"por Thompson","Ida"
"Churruarin y Rondeau",31,1,"Habiles",7:57:00,,"Ida"
"Churruarin y Rondeau",31,1,"Habiles",8:03:00,,"Ida"
"Churruarin y Rondeau",31,1,"Habiles",8:09:00,,"Ida"
"Churruarin y Rondeau",31,1,"Habiles",8:15:00,"por Thompson","Ida"
"Churruarin y Rondeau",31,1,"Habiles",8:21:00,,"Ida"
"Churruarin y Rondeau",31,1,"Habiles",8:28:00,,"Ida"
"Churruarin y Rondeau",31,1,"Habiles",8:35:00,,"Ida"
"Churruarin y Rondeau",31,1,"Habiles",8:42:00,"por Thompson","Ida"
"Churruarin y Rondeau",31,1,"Habiles",8:47:00,,"Ida"
"Churruarin y Rondeau",31,1,"Habiles",8:53:00,,"Ida"
"Churruarin y Rondeau",31,1,"Habiles",8:59:00,,"Ida"
"Churruarin y Rondeau",31,1,"Habiles",9:06:00,"por Thompson","Ida"
"Churruarin y Rondeau",31,1,"Habiles",9:11:00,,"Ida"
"Churruarin y Rondeau",31,1,"Habiles",9:17:00,,"Ida"
"Churruarin y Rondeau",31,1,"Habiles",9:23:00,,"Ida"
"Churruarin y Rondeau",31,1,"Habiles",9:29:00,"por Thompson","Ida"
"Churruarin y Rondeau",31,1,"Habiles",9:35:00,,"Ida"
"Churruarin y Rondeau",31,1,"Habiles",9:41:00,,"Ida"
"Churruarin y Rondeau",31,1,"Habiles",9:47:00,,"Ida"
"Churruarin y Rondeau",31,1,"Habiles",9:54:00,"por Thompson","Ida"
"Churruarin y Rondeau",31,1,"Habiles",9:59:00,,"Ida"
"Churruarin y Rondeau",31,1,"Habiles",10:05:00,,"Ida"
"Churruarin y Rondeau",31,1,"Habiles",10:11:00,,"Ida"
"Churruarin y Rondeau",31,1,"Habiles",10:17:00,"por Thompson","Ida"
"Churruarin y Rondeau",31,1,"Habiles",10:23:00,,"Ida"
"Churruarin y Rondeau",31,1,"Habiles",10:29:00,,"Ida"
"Churruarin y Rondeau",31,1,"Habiles",10:35:00,,"Ida"
"Churruarin y Rondeau",31,1,"Habiles",10:41:00,"por Thompson","Ida"
"Churruarin y Rondeau",31,1,"Habiles",10:47:00,,"Ida"
"Churruarin y Rondeau",31,1,"Habiles",10:53:00,,"Ida"
"Churruarin y Rondeau",31,1,"Habiles",10:59:00,,"Ida"
"Churruarin y Rondeau",31,1,"Habiles",11:05:00,"por Thompson","Ida"
"Churruarin y Rondeau",31,1,"Habiles",11:11:00,,"Ida"
"Churruarin y Rondeau",31,1,"Habiles",11:17:00,,"Ida"
"Churruarin y Rondeau",31,1,"Habiles",11:23:00,,"Ida"
"Churruarin y Rondeau",31,1,"Habiles",11:29:00,"por Thompson","Ida"
"Churruarin y Rondeau",31,1,"Habiles",11:35:00,,"Ida"
"Churruarin y Rondeau",31,1,"Habiles",11:41:00,,"Ida"
"Churruarin y Rondeau",31,1,"Habiles",11:47:00,,"Ida"
"Churruarin y Rondeau",31,1,"Habiles",11:53:00,"por Thompson","Ida"
"Churruarin y Rondeau",31,1,"Habiles",11:59:00,,"Ida"
"Churruarin y Rondeau",31,1,"Habiles",12:05:00,,"Ida"
"Churruarin y Rondeau",31,1,"Habiles",12:11:00,,"Ida"
"Churruarin y Rondeau",31,1,"Habiles",12:17:00,"por Thompson","Ida"
"Churruarin y Rondeau",31,1,"Habiles",12:23:00,,"Ida"
"Churruarin y Rondeau",31,1,"Habiles",12:29:00,,"Ida"
"Churruarin y Rondeau",31,1,"Habiles",12:35:00,,"Ida"
"Churruarin y Rondeau",31,1,"Habiles",12:41:00,"por Thompson","Ida"
"Churruarin y Rondeau",31,1,"Habiles",12:47:00,,"Ida"
"Churruarin y Rondeau",31,1,"Habiles",12:53:00,,"Ida"
"Churruarin y Rondeau",31,1,"Habiles",12:59:00,,"Ida"
"Churruarin y Rondeau",31,1,"Habiles",13:10:00,"por Thompson","Ida"
"Churruarin y Rondeau",31,1,"Habiles",13:20:00,,"Ida"
"Churruarin y Rondeau",31,1,"Habiles",13:31:00,,"Ida"
"Churruarin y Rondeau",31,1,"Habiles",13:42:00,"por Thompson","Ida"
"Churruarin y Rondeau",31,1,"Habiles",13:52:00,,"Ida"
"Churruarin y Rondeau",31,1,"Habiles",14:03:00,,"Ida"
"Churruarin y Rondeau",31,1,"Habiles",14:14:00,"por Thompson","Ida"
"Churruarin y Rondeau",31,1,"Habiles",14:24:00,,"Ida"
"Churruarin y Rondeau",31,1,"Habiles",14:35:00,,"Ida"
"Churruarin y Rondeau",31,1,"Habiles",14:46:00,"por Thompson","Ida"
"Churruarin y Rondeau",31,1,"Habiles",14:56:00,,"Ida"
"Churruarin y Rondeau",31,1,"Habiles",15:07:00,,"Ida"
"Churruarin y Rondeau",31,1,"Habiles",15:18:00,"por Thompson","Ida"
"Churruarin y Rondeau",31,1,"Habiles",15:28:00,,"Ida"
"Churruarin y Rondeau",31,1,"Habiles",15:39:00,,"Ida"
"Churruarin y Rondeau",31,1,"Habiles",15:50:00,"por Thompson","Ida"
"Churruarin y Rondeau",31,1,"Habiles",16:00:00,,"Ida"
"Churruarin y Rondeau",31,1,"Habiles",16:11:00,,"Ida"
"Churruarin y Rondeau",31,1,"Habiles",16:22:00,"por Thompson","Ida"
"Churruarin y Rondeau",31,1,"Habiles",16:27:00,,"Ida"
"Churruarin y Rondeau",31,1,"Habiles",16:33:00,,"Ida"
"Churruarin y Rondeau",31,1,"Habiles",16:39:00,,"Ida"
"Churruarin y Rondeau",31,1,"Habiles",16:45:00,"por Thompson","Ida"
"Churruarin y Rondeau",31,1,"Habiles",16:51:00,,"Ida"
"Churruarin y Rondeau",31,1,"Habiles",16:57:00,,"Ida"
"Churruarin y Rondeau",31,1,"Habiles",17:03:00,,"Ida"
"Churruarin y Rondeau",31,1,"Habiles",17:09:00,"por Thompson","Ida"
"Churruarin y Rondeau",31,1,"Habiles",17:15:00,,"Ida"
"Churruarin y Rondeau",31,1,"Habiles",17:21:00,,"Ida"
"Churruarin y Rondeau",31,1,"Habiles",17:27:00,,"Ida"
"Churruarin y Rondeau",31,1,"Habiles",17:33:00,"por Thompson","Ida"
"Churruarin y Rondeau",31,1,"Habiles",17:39:00,,"Ida"
"Churruarin y Rondeau",31,1,"Habiles",17:45:00,,"Ida"
"Churruarin y Rondeau",31,1,"Habiles",17:51:00,,"Ida"
"Churruarin y Rondeau",31,1,"Habiles",17:57:00,"por Thompson","Ida"
"Churruarin y Rondeau",31,1,"Habiles",18:03:00,,"Ida"
"Churruarin y Rondeau",31,1,"Habiles",18:09:00,,"Ida"
"Churruarin y Rondeau",31,1,"Habiles",18:15:00,,"Ida"
"Churruarin y Rondeau",31,1,"Habiles",18:21:00,"por Thompson","Ida"
"Churruarin y Rondeau",31,1,"Habiles",18:27:00,,"Ida"
"Churruarin y Rondeau",31,1,"Habiles",18:33:00,,"Ida"
"Churruarin y Rondeau",31,1,"Habiles",18:39:00,,"Ida"
"Churruarin y Rondeau",31,1,"Habiles",18:45:00,"por Thompson","Ida"
"Churruarin y Rondeau",31,1,"Habiles",18:51:00,,"Ida"
"Churruarin y Rondeau",31,1,"Habiles",18:57:00,,"Ida"
"Churruarin y Rondeau",31,1,"Habiles",19:03:00,,"Ida"
"Churruarin y Rondeau",31,1,"Habiles",19:09:00,"por Thompson","Ida"
"Churruarin y Rondeau",31,1,"Habiles",19:15:00,,"Ida"
"Churruarin y Rondeau",31,1,"Habiles",19:21:00,,"Ida"
"Churruarin y Rondeau",31,1,"Habiles",19:27:00,,"Ida"
"Churruarin y Rondeau",31,1,"Habiles",19:33:00,"por Thompson","Ida"
"Churruarin y Rondeau",31,1,"Habiles",19:39:00,,"Ida"
"Churruarin y Rondeau",31,1,"Habiles",19:47:00,,"Ida"
"Churruarin y Rondeau",31,1,"Habiles",19:55:00,,"Ida"
"Churruarin y Rondeau",31,1,"Habiles",20:05:00,"por Thompson","Ida"
"Churruarin y Rondeau",31,1,"Habiles",20:10:00,,"Ida"
"Churruarin y Rondeau",31,1,"Habiles",20:18:00,,"Ida"
"Churruarin y Rondeau",31,1,"Habiles",20:27:00,,"Ida"
"Churruarin y Rondeau",31,1,"Habiles",20:35:00,"por Thompson","Ida"
"Churruarin y Rondeau",31,1,"Habiles",20:41:00,,"Ida"
"Churruarin y Rondeau",31,1,"Habiles",20:49:00,,"Ida"
"Churruarin y Rondeau",31,1,"Habiles",20:58:00,,"Ida"
"Churruarin y Rondeau",31,1,"Habiles",21:06:00,"por Thompson","Ida"
"Churruarin y Rondeau",31,1,"Habiles",21:14:00,,"Ida"
"Churruarin y Rondeau",31,1,"Habiles",21:24:00,,"Ida"
"Churruarin y Rondeau",31,1,"Habiles",21:33:00,"por Thompson","Ida"
"Churruarin y Rondeau",31,1,"Habiles",21:44:00,,"Ida"
"Churruarin y Rondeau",31,1,"Habiles",21:56:00,,"Ida"
"Churruarin y Rondeau",31,1,"Habiles",22:09:00,"por Thompson","Ida"
"Churruarin y Rondeau",31,1,"Habiles",22:21:00,,"Ida"
"Churruarin y Rondeau",31,1,"Habiles",22:35:00,,"Ida"
"Churruarin y Rondeau",31,1,"Habiles",22:50:00,"por Thompson","Ida"
"Churruarin y Rondeau",31,1,"Habiles",23:06:00,,"Ida"
"Churruarin y Rondeau",31,1,"Habiles",23:25:00,"por Thompson","Ida"
"Churruarin y Rondeau",31,1,"Habiles",23:43:00,"por Thompson","Ida"
"Churruarin y Rondeau",31,1,"Habiles",0:11:00,"por Thompson","Ida"
"5 Esquinas",32,1,"Habiles",4:52:00,"por Thompson","Ida"
"5 Esquinas",32,1,"Habiles",5:07:00,"por Thompson","Ida"
"5 Esquinas",32,1,"Habiles",5:23:00,"por Thompson","Ida"
"5 Esquinas",32,1,"Habiles",5:37:00,,"Ida"
"5 Esquinas",32,1,"Habiles",5:49:00,"por Thompson","Ida"
"5 Esquinas",32,1,"Habiles",5:59:00,,"Ida"
"5 Esquinas",32,1,"Habiles",6:11:00,,"Ida"
"5 Esquinas",32,1,"Habiles",6:21:00,"por Thompson","Ida"
"5 Esquinas",32,1,"Habiles",6:26:00,,"Ida"
"5 Esquinas",32,1,"Habiles",6:33:00,,"Ida"
"5 Esquinas",32,1,"Habiles",6:39:00,,"Ida"
"5 Esquinas",32,1,"Habiles",6:45:00,"por Thompson","Ida"
"5 Esquinas",32,1,"Habiles",6:51:00,,"Ida"
"5 Esquinas",32,1,"Habiles",6:58:00,,"Ida"
"5 Esquinas",32,1,"Habiles",7:04:00,,"Ida"
"5 Esquinas",32,1,"Habiles",7:11:00,"por Thompson","Ida"
"5 Esquinas",32,1,"Habiles",7:16:00,,"Ida"
"5 Esquinas",32,1,"Habiles",7:23:00,,"Ida"
"5 Esquinas",32,1,"Habiles",7:29:00,,"Ida"
"5 Esquinas",32,1,"Habiles",7:35:00,"por Thompson","Ida"
"5 Esquinas",32,1,"Habiles",7:41:00,,"Ida"
"5 Esquinas",32,1,"Habiles",7:47:00,,"Ida"
"5 Esquinas",32,1,"Habiles",7:53:00,,"Ida"
"5 Esquinas",32,1,"Habiles",7:59:00,"por Thompson","Ida"
"5 Esquinas",32,1,"Habiles",8:04:00,,"Ida"
"5 Esquinas",32,1,"Habiles",8:10:00,,"Ida"
"5 Esquinas",32,1,"Habiles",8:16:00,,"Ida"
"5 Esquinas",32,1,"Habiles",8:22:00,"por Thompson","Ida"
"5 Esquinas",32,1,"Habiles",8:28:00,,"Ida"
"5 Esquinas",32,1,"Habiles",8:35:00,,"Ida"
"5 Esquinas",32,1,"Habiles",8:42:00,,"Ida"
"5 Esquinas",32,1,"Habiles",8:49:00,"por Thompson","Ida"
"5 Esquinas",32,1,"Habiles",8:54:00,,"Ida"
"5 Esquinas",32,1,"Habiles",9:00:00,,"Ida"
"5 Esquinas",32,1,"Habiles",9:06:00,,"Ida"
"5 Esquinas",32,1,"Habiles",9:13:00,"por Thompson","Ida"
"5 Esquinas",32,1,"Habiles",9:18:00,,"Ida"
"5 Esquinas",32,1,"Habiles",9:24:00,,"Ida"
"5 Esquinas",32,1,"Habiles",9:30:00,,"Ida"
"5 Esquinas",32,1,"Habiles",9:36:00,"por Thompson","Ida"
"5 Esquinas",32,1,"Habiles",9:42:00,,"Ida"
"5 Esquinas",32,1,"Habiles",9:48:00,,"Ida"
"5 Esquinas",32,1,"Habiles",9:54:00,,"Ida"
"5 Esquinas",32,1,"Habiles",10:01:00,"por Thompson","Ida"
"5 Esquinas",32,1,"Habiles",10:06:00,,"Ida"
"5 Esquinas",32,1,"Habiles",10:12:00,,"Ida"
"5 Esquinas",32,1,"Habiles",10:18:00,,"Ida"
"5 Esquinas",32,1,"Habiles",10:24:00,"por Thompson","Ida"
"5 Esquinas",32,1,"Habiles",10:30:00,,"Ida"
"5 Esquinas",32,1,"Habiles",10:36:00,,"Ida"
"5 Esquinas",32,1,"Habiles",10:42:00,,"Ida"
"5 Esquinas",32,1,"Habiles",10:48:00,"por Thompson","Ida"
"5 Esquinas",32,1,"Habiles",10:54:00,,"Ida"
"5 Esquinas",32,1,"Habiles",11:00:00,,"Ida"
"5 Esquinas",32,1,"Habiles",11:06:00,,"Ida"
"5 Esquinas",32,1,"Habiles",11:12:00,"por Thompson","Ida"
"5 Esquinas",32,1,"Habiles",11:18:00,,"Ida"
"5 Esquinas",32,1,"Habiles",11:24:00,,"Ida"
"5 Esquinas",32,1,"Habiles",11:30:00,,"Ida"
"5 Esquinas",32,1,"Habiles",11:36:00,"por Thompson","Ida"
"5 Esquinas",32,1,"Habiles",11:42:00,,"Ida"
"5 Esquinas",32,1,"Habiles",11:48:00,,"Ida"
"5 Esquinas",32,1,"Habiles",11:54:00,,"Ida"
"5 Esquinas",32,1,"Habiles",12:00:00,"por Thompson","Ida"
"5 Esquinas",32,1,"Habiles",12:06:00,,"Ida"
"5 Esquinas",32,1,"Habiles",12:12:00,,"Ida"
"5 Esquinas",32,1,"Habiles",12:18:00,,"Ida"
"5 Esquinas",32,1,"Habiles",12:24:00,"por Thompson","Ida"
"5 Esquinas",32,1,"Habiles",12:30:00,,"Ida"
"5 Esquinas",32,1,"Habiles",12:36:00,,"Ida"
"5 Esquinas",32,1,"Habiles",12:42:00,,"Ida"
"5 Esquinas",32,1,"Habiles",12:48:00,"por Thompson","Ida"
"5 Esquinas",32,1,"Habiles",12:54:00,,"Ida"
"5 Esquinas",32,1,"Habiles",13:00:00,,"Ida"
"5 Esquinas",32,1,"Habiles",13:06:00,,"Ida"
"5 Esquinas",32,1,"Habiles",13:17:00,"por Thompson","Ida"
"5 Esquinas",32,1,"Habiles",13:26:00,,"Ida"
"5 Esquinas",32,1,"Habiles",13:37:00,,"Ida"
"5 Esquinas",32,1,"Habiles",13:48:00,"por Thompson","Ida"
"5 Esquinas",32,1,"Habiles",13:58:00,,"Ida"
"5 Esquinas",32,1,"Habiles",14:09:00,,"Ida"
"5 Esquinas",32,1,"Habiles",14:20:00,"por Thompson","Ida"
"5 Esquinas",32,1,"Habiles",14:30:00,,"Ida"
"5 Esquinas",32,1,"Habiles",14:41:00,,"Ida"
"5 Esquinas",32,1,"Habiles",14:52:00,"por Thompson","Ida"
"5 Esquinas",32,1,"Habiles",15:02:00,,"Ida"
"5 Esquinas",32,1,"Habiles",15:13:00,,"Ida"
"5 Esquinas",32,1,"Habiles",15:24:00,"por Thompson","Ida"
"5 Esquinas",32,1,"Habiles",15:34:00,,"Ida"
"5 Esquinas",32,1,"Habiles",15:45:00,,"Ida"
"5 Esquinas",32,1,"Habiles",15:56:00,"por Thompson","Ida"
"5 Esquinas",32,1,"Habiles",16:06:00,,"Ida"
"5 Esquinas",32,1,"Habiles",16:17:00,,"Ida"
"5 Esquinas",32,1,"Habiles",16:29:00,"por Thompson","Ida"
"5 Esquinas",32,1,"Habiles",16:34:00,,"Ida"
"5 Esquinas",32,1,"Habiles",16:40:00,,"Ida"
"5 Esquinas",32,1,"Habiles",16:46:00,,"Ida"
"5 Esquinas",32,1,"Habiles",16:52:00,"por Thompson","Ida"
"5 Esquinas",32,1,"Habiles",16:58:00,,"Ida"
"5 Esquinas",32,1,"Habiles",17:04:00,,"Ida"
"5 Esquinas",32,1,"Habiles",17:10:00,,"Ida"
"5 Esquinas",32,1,"Habiles",17:16:00,"por Thompson","Ida"
"5 Esquinas",32,1,"Habiles",17:22:00,,"Ida"
"5 Esquinas",32,1,"Habiles",17:28:00,,"Ida"
"5 Esquinas",32,1,"Habiles",17:34:00,,"Ida"
"5 Esquinas",32,1,"Habiles",17:40:00,"por Thompson","Ida"
"5 Esquinas",32,1,"Habiles",17:46:00,,"Ida"
"5 Esquinas",32,1,"Habiles",17:52:00,,"Ida"
"5 Esquinas",32,1,"Habiles",17:58:00,,"Ida"
"5 Esquinas",32,1,"Habiles",18:04:00,"por Thompson","Ida"
"5 Esquinas",32,1,"Habiles",18:10:00,,"Ida"
"5 Esquinas",32,1,"Habiles",18:16:00,,"Ida"
"5 Esquinas",32,1,"Habiles",18:22:00,,"Ida"
"5 Esquinas",32,1,"Habiles",18:28:00,"por Thompson","Ida"
"5 Esquinas",32,1,"Habiles",18:34:00,,"Ida"
"5 Esquinas",32,1,"Habiles",18:40:00,,"Ida"
"5 Esquinas",32,1,"Habiles",18:46:00,,"Ida"
"5 Esquinas",32,1,"Habiles",18:52:00,"por Thompson","Ida"
"5 Esquinas",32,1,"Habiles",18:58:00,,"Ida"
"5 Esquinas",32,1,"Habiles",19:04:00,,"Ida"
"5 Esquinas",32,1,"Habiles",19:10:00,,"Ida"
"5 Esquinas",32,1,"Habiles",19:16:00,"por Thompson","Ida"
"5 Esquinas",32,1,"Habiles",19:22:00,,"Ida"
"5 Esquinas",32,1,"Habiles",19:28:00,,"Ida"
"5 Esquinas",32,1,"Habiles",19:34:00,,"Ida"
"5 Esquinas",32,1,"Habiles",19:40:00,"por Thompson","Ida"
"5 Esquinas",32,1,"Habiles",19:46:00,,"Ida"
"5 Esquinas",32,1,"Habiles",19:54:00,,"Ida"
"5 Esquinas",32,1,"Habiles",20:02:00,,"Ida"
"5 Esquinas",32,1,"Habiles",20:12:00,"por Thompson","Ida"
"5 Esquinas",32,1,"Habiles",20:17:00,,"Ida"
"5 Esquinas",32,1,"Habiles",20:25:00,,"Ida"
"5 Esquinas",32,1,"Habiles",20:34:00,,"Ida"
"5 Esquinas",32,1,"Habiles",20:42:00,"por Thompson","Ida"
"5 Esquinas",32,1,"Habiles",20:48:00,,"Ida"
"5 Esquinas",32,1,"Habiles",20:56:00,,"Ida"
"5 Esquinas",32,1,"Habiles",21:05:00,,"Ida"
"5 Esquinas",32,1,"Habiles",21:13:00,"por Thompson","Ida"
"5 Esquinas",32,1,"Habiles",21:21:00,,"Ida"
"5 Esquinas",32,1,"Habiles",21:30:00,,"Ida"
"5 Esquinas",32,1,"Habiles",21:39:00,"por Thompson","Ida"
"5 Esquinas",32,1,"Habiles",21:50:00,,"Ida"
"5 Esquinas",32,1,"Habiles",22:02:00,,"Ida"
"5 Esquinas",32,1,"Habiles",22:15:00,"por Thompson","Ida"
"5 Esquinas",32,1,"Habiles",22:27:00,,"Ida"
"5 Esquinas",32,1,"Habiles",22:41:00,,"Ida"
"5 Esquinas",32,1,"Habiles",22:56:00,"por Thompson","Ida"
"5 Esquinas",32,1,"Habiles",23:12:00,,"Ida"
"5 Esquinas",32,1,"Habiles",23:30:00,"por Thompson","Ida"
"5 Esquinas",32,1,"Habiles",23:48:00,"por Thompson","Ida"
"5 Esquinas",32,1,"Habiles",0:16:00,"por Thompson","Ida"
"Plaza 1ro de Mayo",33,1,"Habiles",4:56:00,"por Thompson","Ida"
"Plaza 1ro de Mayo",33,1,"Habiles",5:11:00,"por Thompson","Ida"
"Plaza 1ro de Mayo",33,1,"Habiles",5:28:00,"por Thompson","Ida"
"Plaza 1ro de Mayo",33,1,"Habiles",5:42:00,,"Ida"
"Plaza 1ro de Mayo",33,1,"Habiles",5:54:00,"por Thompson","Ida"
"Plaza 1ro de Mayo",33,1,"Habiles",6:04:00,,"Ida"
"Plaza 1ro de Mayo",33,1,"Habiles",6:17:00,,"Ida"
"Plaza 1ro de Mayo",33,1,"Habiles",6:27:00,"por Thompson","Ida"
"Plaza 1ro de Mayo",33,1,"Habiles",6:32:00,,"Ida"
"Plaza 1ro de Mayo",33,1,"Habiles",6:39:00,,"Ida"
"Plaza 1ro de Mayo",33,1,"Habiles",6:45:00,,"Ida"
"Plaza 1ro de Mayo",33,1,"Habiles",6:51:00,"por Thompson","Ida"
"Plaza 1ro de Mayo",33,1,"Habiles",6:57:00,,"Ida"
"Plaza 1ro de Mayo",33,1,"Habiles",7:04:00,,"Ida"
"Plaza 1ro de Mayo",33,1,"Habiles",7:10:00,,"Ida"
"Plaza 1ro de Mayo",33,1,"Habiles",7:17:00,"por Thompson","Ida"
"Plaza 1ro de Mayo",33,1,"Habiles",7:22:00,,"Ida"
"Plaza 1ro de Mayo",33,1,"Habiles",7:29:00,,"Ida"
"Plaza 1ro de Mayo",33,1,"Habiles",7:35:00,,"Ida"
"Plaza 1ro de Mayo",33,1,"Habiles",7:41:00,"por Thompson","Ida"
"Plaza 1ro de Mayo",33,1,"Habiles",7:47:00,,"Ida"
"Plaza 1ro de Mayo",33,1,"Habiles",7:53:00,,"Ida"
"Plaza 1ro de Mayo",33,1,"Habiles",7:59:00,,"Ida"
"Plaza 1ro de Mayo",33,1,"Habiles",8:05:00,"por Thompson","Ida"
"Plaza 1ro de Mayo",33,1,"Habiles",8:10:00,,"Ida"
"Plaza 1ro de Mayo",33,1,"Habiles",8:16:00,,"Ida"
"Plaza 1ro de Mayo",33,1,"Habiles",8:22:00,,"Ida"
"Plaza 1ro de Mayo",33,1,"Habiles",8:28:00,"por Thompson","Ida"
"Plaza 1ro de Mayo",33,1,"Habiles",8:34:00,,"Ida"
"Plaza 1ro de Mayo",33,1,"Habiles",8:41:00,,"Ida"
"Plaza 1ro de Mayo",33,1,"Habiles",8:48:00,,"Ida"
"Plaza 1ro de Mayo",33,1,"Habiles",8:55:00,"por Thompson","Ida"
"Plaza 1ro de Mayo",33,1,"Habiles",9:00:00,,"Ida"
"Plaza 1ro de Mayo",33,1,"Habiles",9:06:00,,"Ida"
"Plaza 1ro de Mayo",33,1,"Habiles",9:12:00,,"Ida"
"Plaza 1ro de Mayo",33,1,"Habiles",9:19:00,"por Thompson","Ida"
"Plaza 1ro de Mayo",33,1,"Habiles",9:24:00,,"Ida"
"Plaza 1ro de Mayo",33,1,"Habiles",9:30:00,,"Ida"
"Plaza 1ro de Mayo",33,1,"Habiles",9:36:00,,"Ida"
"Plaza 1ro de Mayo",33,1,"Habiles",9:42:00,"por Thompson","Ida"
"Plaza 1ro de Mayo",33,1,"Habiles",9:48:00,,"Ida"
"Plaza 1ro de Mayo",33,1,"Habiles",9:54:00,,"Ida"
"Plaza 1ro de Mayo",33,1,"Habiles",10:00:00,,"Ida"
"Plaza 1ro de Mayo",33,1,"Habiles",10:07:00,"por Thompson","Ida"
"Plaza 1ro de Mayo",33,1,"Habiles",10:12:00,,"Ida"
"Plaza 1ro de Mayo",33,1,"Habiles",10:18:00,,"Ida"
"Plaza 1ro de Mayo",33,1,"Habiles",10:24:00,,"Ida"
"Plaza 1ro de Mayo",33,1,"Habiles",10:30:00,"por Thompson","Ida"
"Plaza 1ro de Mayo",33,1,"Habiles",10:36:00,,"Ida"
"Plaza 1ro de Mayo",33,1,"Habiles",10:42:00,,"Ida"
"Plaza 1ro de Mayo",33,1,"Habiles",10:48:00,,"Ida"
"Plaza 1ro de Mayo",33,1,"Habiles",10:54:00,"por Thompson","Ida"
"Plaza 1ro de Mayo",33,1,"Habiles",11:00:00,,"Ida"
"Plaza 1ro de Mayo",33,1,"Habiles",11:06:00,,"Ida"
"Plaza 1ro de Mayo",33,1,"Habiles",11:12:00,,"Ida"
"Plaza 1ro de Mayo",33,1,"Habiles",11:18:00,"por Thompson","Ida"
"Plaza 1ro de Mayo",33,1,"Habiles",11:24:00,,"Ida"
"Plaza 1ro de Mayo",33,1,"Habiles",11:30:00,,"Ida"
"Plaza 1ro de Mayo",33,1,"Habiles",11:36:00,,"Ida"
"Plaza 1ro de Mayo",33,1,"Habiles",11:42:00,"por Thompson","Ida"
"Plaza 1ro de Mayo",33,1,"Habiles",11:48:00,,"Ida"
"Plaza 1ro de Mayo",33,1,"Habiles",11:54:00,,"Ida"
"Plaza 1ro de Mayo",33,1,"Habiles",12:00:00,,"Ida"
"Plaza 1ro de Mayo",33,1,"Habiles",12:06:00,"por Thompson","Ida"
"Plaza 1ro de Mayo",33,1,"Habiles",12:12:00,,"Ida"
"Plaza 1ro de Mayo",33,1,"Habiles",12:18:00,,"Ida"
"Plaza 1ro de Mayo",33,1,"Habiles",12:24:00,,"Ida"
"Plaza 1ro de Mayo",33,1,"Habiles",12:30:00,"por Thompson","Ida"
"Plaza 1ro de Mayo",33,1,"Habiles",12:36:00,,"Ida"
"Plaza 1ro de Mayo",33,1,"Habiles",12:42:00,,"Ida"
"Plaza 1ro de Mayo",33,1,"Habiles",12:48:00,,"Ida"
"Plaza 1ro de Mayo",33,1,"Habiles",12:54:00,"por Thompson","Ida"
"Plaza 1ro de Mayo",33,1,"Habiles",13:00:00,,"Ida"
"Plaza 1ro de Mayo",33,1,"Habiles",13:06:00,,"Ida"
"Plaza 1ro de Mayo",33,1,"Habiles",13:12:00,,"Ida"
"Plaza 1ro de Mayo",33,1,"Habiles",13:23:00,"por Thompson","Ida"
"Plaza 1ro de Mayo",33,1,"Habiles",13:32:00,,"Ida"
"Plaza 1ro de Mayo",33,1,"Habiles",13:43:00,,"Ida"
"Plaza 1ro de Mayo",33,1,"Habiles",13:54:00,"por Thompson","Ida"
"Plaza 1ro de Mayo",33,1,"Habiles",14:04:00,,"Ida"
"Plaza 1ro de Mayo",33,1,"Habiles",14:15:00,,"Ida"
"Plaza 1ro de Mayo",33,1,"Habiles",14:26:00,"por Thompson","Ida"
"Plaza 1ro de Mayo",33,1,"Habiles",14:36:00,,"Ida"
"Plaza 1ro de Mayo",33,1,"Habiles",14:47:00,,"Ida"
"Plaza 1ro de Mayo",33,1,"Habiles",14:58:00,"por Thompson","Ida"
"Plaza 1ro de Mayo",33,1,"Habiles",15:08:00,,"Ida"
"Plaza 1ro de Mayo",33,1,"Habiles",15:19:00,,"Ida"
"Plaza 1ro de Mayo",33,1,"Habiles",15:30:00,"por Thompson","Ida"
"Plaza 1ro de Mayo",33,1,"Habiles",15:40:00,,"Ida"
"Plaza 1ro de Mayo",33,1,"Habiles",15:51:00,,"Ida"
"Plaza 1ro de Mayo",33,1,"Habiles",16:02:00,"por Thompson","Ida"
"Plaza 1ro de Mayo",33,1,"Habiles",16:12:00,,"Ida"
"Plaza 1ro de Mayo",33,1,"Habiles",16:23:00,,"Ida"
"Plaza 1ro de Mayo",33,1,"Habiles",16:35:00,"por Thompson","Ida"
"Plaza 1ro de Mayo",33,1,"Habiles",16:40:00,,"Ida"
"Plaza 1ro de Mayo",33,1,"Habiles",16:46:00,,"Ida"
"Plaza 1ro de Mayo",33,1,"Habiles",16:52:00,,"Ida"
"Plaza 1ro de Mayo",33,1,"Habiles",16:58:00,"por Thompson","Ida"
"Plaza 1ro de Mayo",33,1,"Habiles",17:04:00,,"Ida"
"Plaza 1ro de Mayo",33,1,"Habiles",17:10:00,,"Ida"
"Plaza 1ro de Mayo",33,1,"Habiles",17:16:00,,"Ida"
"Plaza 1ro de Mayo",33,1,"Habiles",17:22:00,"por Thompson","Ida"
"Plaza 1ro de Mayo",33,1,"Habiles",17:28:00,,"Ida"
"Plaza 1ro de Mayo",33,1,"Habiles",17:34:00,,"Ida"
"Plaza 1ro de Mayo",33,1,"Habiles",17:40:00,,"Ida"
"Plaza 1ro de Mayo",33,1,"Habiles",17:46:00,"por Thompson","Ida"
"Plaza 1ro de Mayo",33,1,"Habiles",17:52:00,,"Ida"
"Plaza 1ro de Mayo",33,1,"Habiles",17:58:00,,"Ida"
"Plaza 1ro de Mayo",33,1,"Habiles",18:04:00,,"Ida"
"Plaza 1ro de Mayo",33,1,"Habiles",18:10:00,"por Thompson","Ida"
"Plaza 1ro de Mayo",33,1,"Habiles",18:16:00,,"Ida"
"Plaza 1ro de Mayo",33,1,"Habiles",18:22:00,,"Ida"
"Plaza 1ro de Mayo",33,1,"Habiles",18:28:00,,"Ida"
"Plaza 1ro de Mayo",33,1,"Habiles",18:34:00,"por Thompson","Ida"
"Plaza 1ro de Mayo",33,1,"Habiles",18:40:00,,"Ida"
"Plaza 1ro de Mayo",33,1,"Habiles",18:46:00,,"Ida"
"Plaza 1ro de Mayo",33,1,"Habiles",18:52:00,,"Ida"
"Plaza 1ro de Mayo",33,1,"Habiles",18:58:00,"por Thompson","Ida"
"Plaza 1ro de Mayo",33,1,"Habiles",19:04:00,,"Ida"
"Plaza 1ro de Mayo",33,1,"Habiles",19:10:00,,"Ida"
"Plaza 1ro de Mayo",33,1,"Habiles",19:16:00,,"Ida"
"Plaza 1ro de Mayo",33,1,"Habiles",19:22:00,"por Thompson","Ida"
"Plaza 1ro de Mayo",33,1,"Habiles",19:28:00,,"Ida"
"Plaza 1ro de Mayo",33,1,"Habiles",19:34:00,,"Ida"
"Plaza 1ro de Mayo",33,1,"Habiles",19:40:00,,"Ida"
"Plaza 1ro de Mayo",33,1,"Habiles",19:46:00,"por Thompson","Ida"
"Plaza 1ro de Mayo",33,1,"Habiles",19:52:00,,"Ida"
"Plaza 1ro de Mayo",33,1,"Habiles",20:00:00,,"Ida"
"Plaza 1ro de Mayo",33,1,"Habiles",20:08:00,,"Ida"
"Plaza 1ro de Mayo",33,1,"Habiles",20:18:00,"por Thompson","Ida"
"Plaza 1ro de Mayo",33,1,"Habiles",20:23:00,,"Ida"
"Plaza 1ro de Mayo",33,1,"Habiles",20:31:00,,"Ida"
"Plaza 1ro de Mayo",33,1,"Habiles",20:40:00,,"Ida"
"Plaza 1ro de Mayo",33,1,"Habiles",20:48:00,"por Thompson","Ida"
"Plaza 1ro de Mayo",33,1,"Habiles",20:54:00,,"Ida"
"Plaza 1ro de Mayo",33,1,"Habiles",21:02:00,,"Ida"
"Plaza 1ro de Mayo",33,1,"Habiles",21:11:00,,"Ida"
"Plaza 1ro de Mayo",33,1,"Habiles",21:19:00,"por Thompson","Ida"
"Plaza 1ro de Mayo",33,1,"Habiles",21:27:00,,"Ida"
"Plaza 1ro de Mayo",33,1,"Habiles",21:36:00,,"Ida"
"Plaza 1ro de Mayo",33,1,"Habiles",21:45:00,"por Thompson","Ida"
"Plaza 1ro de Mayo",33,1,"Habiles",21:56:00,,"Ida"
"Plaza 1ro de Mayo",33,1,"Habiles",22:08:00,,"Ida"
"Plaza 1ro de Mayo",33,1,"Habiles",22:20:00,"por Thompson","Ida"
"Plaza 1ro de Mayo",33,1,"Habiles",22:32:00,,"Ida"
"Plaza 1ro de Mayo",33,1,"Habiles",22:46:00,,"Ida"
"Plaza 1ro de Mayo",33,1,"Habiles",23:01:00,"por Thompson","Ida"
"Plaza 1ro de Mayo",33,1,"Habiles",23:17:00,,"Ida"
"Plaza 1ro de Mayo",33,1,"Habiles",23:35:00,"por Thompson","Ida"
"Plaza 1ro de Mayo",33,1,"Habiles",23:52:00,"por Thompson","Ida"
"Plaza 1ro de Mayo",33,1,"Habiles",0:20:00,"por Thompson","Ida"
"Hospital Roballos / Toma Nueva",34,1,"Habiles",5:12:00,"por Thompson","Ida"
"Hospital Roballos / Toma Nueva",34,1,"Habiles",5:35:00,"por Thompson","Ida"
"Hospital Roballos / Toma Nueva",34,1,"Habiles",5:53:00,"por Thompson","Ida"
"Hospital Roballos / Toma Nueva",34,1,"Habiles",6:19:00,"por Thompson","Ida"
"Hospital Roballos / Toma Nueva",34,1,"Habiles",6:52:00,"por Thompson","Ida"
"Hospital Roballos / Toma Nueva",34,1,"Habiles",7:16:00,"por Thompson","Ida"
"Hospital Roballos / Toma Nueva",34,1,"Habiles",7:43:00,"por Thompson","Ida"
"Hospital Roballos / Toma Nueva",34,1,"Habiles",8:07:00,"por Thompson","Ida"
"Hospital Roballos / Toma Nueva",34,1,"Habiles",8:31:00,"por Thompson","Ida"
"Hospital Roballos / Toma Nueva",34,1,"Habiles",8:54:00,"por Thompson","Ida"
"Hospital Roballos / Toma Nueva",34,1,"Habiles",9:21:00,"por Thompson","Ida"
"Hospital Roballos / Toma Nueva",34,1,"Habiles",9:45:00,"por Thompson","Ida"
"Hospital Roballos / Toma Nueva",34,1,"Habiles",10:08:00,"por Thompson","Ida"
"Hospital Roballos / Toma Nueva",34,1,"Habiles",10:33:00,"por Thompson","Ida"
"Hospital Roballos / Toma Nueva",34,1,"Habiles",10:56:00,"por Thompson","Ida"
"Hospital Roballos / Toma Nueva",34,1,"Habiles",11:20:00,"por Thompson","Ida"
"Hospital Roballos / Toma Nueva",34,1,"Habiles",11:44:00,"por Thompson","Ida"
"Hospital Roballos / Toma Nueva",34,1,"Habiles",12:08:00,"por Thompson","Ida"
"Hospital Roballos / Toma Nueva",34,1,"Habiles",12:32:00,"por Thompson","Ida"
"Hospital Roballos / Toma Nueva",34,1,"Habiles",12:56:00,"por Thompson","Ida"
"Hospital Roballos / Toma Nueva",34,1,"Habiles",13:20:00,"por Thompson","Ida"
"Hospital Roballos / Toma Nueva",34,1,"Habiles",13:49:00,"por Thompson","Ida"
"Hospital Roballos / Toma Nueva",34,1,"Habiles",14:20:00,"por Thompson","Ida"
"Hospital Roballos / Toma Nueva",34,1,"Habiles",14:52:00,"por Thompson","Ida"
"Hospital Roballos / Toma Nueva",34,1,"Habiles",15:24:00,"por Thompson","Ida"
"Hospital Roballos / Toma Nueva",34,1,"Habiles",15:56:00,"por Thompson","Ida"
"Hospital Roballos / Toma Nueva",34,1,"Habiles",16:28:00,"por Thompson","Ida"
"Hospital Roballos / Toma Nueva",34,1,"Habiles",17:01:00,"por Thompson","Ida"
"Hospital Roballos / Toma Nueva",34,1,"Habiles",17:24:00,"por Thompson","Ida"
"Hospital Roballos / Toma Nueva",34,1,"Habiles",17:48:00,"por Thompson","Ida"
"Hospital Roballos / Toma Nueva",34,1,"Habiles",18:12:00,"por Thompson","Ida"
"Hospital Roballos / Toma Nueva",34,1,"Habiles",18:36:00,"por Thompson","Ida"
"Hospital Roballos / Toma Nueva",34,1,"Habiles",19:00:00,"por Thompson","Ida"
"Hospital Roballos / Toma Nueva",34,1,"Habiles",19:24:00,"por Thompson","Ida"
"Hospital Roballos / Toma Nueva",34,1,"Habiles",19:48:00,"por Thompson","Ida"
"Hospital Roballos / Toma Nueva",34,1,"Habiles",20:12:00,"por Thompson","Ida"
"Hospital Roballos / Toma Nueva",34,1,"Habiles",20:44:00,"por Thompson","Ida"
"Hospital Roballos / Toma Nueva",34,1,"Habiles",21:13:00,"por Thompson","Ida"
"Hospital Roballos / Toma Nueva",34,1,"Habiles",21:44:00,"por Thompson","Ida"
"Hospital Roballos / Toma Nueva",34,1,"Habiles",22:10:00,"por Thompson","Ida"
"Hospital Roballos / Toma Nueva",34,1,"Habiles",22:45:00,"por Thompson","Ida"
"Hospital Roballos / Toma Nueva",34,1,"Habiles",23:25:00,"por Thompson","Ida"
"Hospital Roballos / Toma Nueva",34,1,"Habiles",23:58:00,"por Thompson","Ida"
"Hospital Roballos / Toma Nueva",34,1,"Habiles",0:14:00,"por Thompson","Ida"
"Hospital Roballos / Toma Nueva",34,1,"Habiles",0:39:00,"por Thompson","Ida"
"Barrio Policial",30,1,"Habiles",5:55:00,,"Vuelta"
"Barrio Policial",30,1,"Habiles",6:12:00,,"Vuelta"
"Barrio Policial",30,1,"Habiles",6:22:00,,"Vuelta"
"Barrio Policial",30,1,"Habiles",6:34:00,,"Vuelta"
"Barrio Policial",30,1,"Habiles",6:42:00,,"Vuelta"
"Barrio Policial",30,1,"Habiles",6:47:00,,"Vuelta"
"Barrio Policial",30,1,"Habiles",7:04:00,,"Vuelta"
"Barrio Policial",30,1,"Habiles",7:11:00,,"Vuelta"
"Barrio Policial",30,1,"Habiles",7:17:00,,"Vuelta"
"Barrio Policial",30,1,"Habiles",7:27:00,,"Vuelta"
"Barrio Policial",30,1,"Habiles",7:29:00,,"Vuelta"
"Barrio Policial",30,1,"Habiles",7:36:00,,"Vuelta"
"Barrio Policial",30,1,"Habiles",7:45:00,,"Vuelta"
"Barrio Policial",30,1,"Habiles",7:52:00,,"Vuelta"
"Barrio Policial",30,1,"Habiles",7:57:00,,"Vuelta"
"Barrio Policial",30,1,"Habiles",8:04:00,,"Vuelta"
"Barrio Policial",30,1,"Habiles",8:10:00,,"Vuelta"
"Barrio Policial",30,1,"Habiles",8:19:00,,"Vuelta"
"Barrio Policial",30,1,"Habiles",8:22:00,,"Vuelta"
"Barrio Policial",30,1,"Habiles",8:28:00,,"Vuelta"
"Barrio Policial",30,1,"Habiles",8:35:00,,"Vuelta"
"Barrio Policial",30,1,"Habiles",8:43:00,,"Vuelta"
"Barrio Policial",30,1,"Habiles",8:46:00,,"Vuelta"
"Barrio Policial",30,1,"Habiles",8:52:00,,"Vuelta"
"Barrio Policial",30,1,"Habiles",8:58:00,,"Vuelta"
"Barrio Policial",30,1,"Habiles",9:06:00,,"Vuelta"
"Barrio Policial",30,1,"Habiles",9:10:00,,"Vuelta"
"Barrio Policial",30,1,"Habiles",9:17:00,,"Vuelta"
"Barrio Policial",30,1,"Habiles",9:24:00,,"Vuelta"
"Barrio Policial",30,1,"Habiles",9:32:00,,"Vuelta"
"Barrio Policial",30,1,"Habiles",9:36:00,,"Vuelta"
"Barrio Policial",30,1,"Habiles",9:42:00,,"Vuelta"
"Barrio Policial",30,1,"Habiles",9:48:00,,"Vuelta"
"Barrio Policial",30,1,"Habiles",9:56:00,,"Vuelta"
"Barrio Policial",30,1,"Habiles",10:00:00,,"Vuelta"
"Barrio Policial",30,1,"Habiles",10:06:00,,"Vuelta"
"Barrio Policial",30,1,"Habiles",10:12:00,,"Vuelta"
"Barrio Policial",30,1,"Habiles",10:20:00,,"Vuelta"
"Barrio Policial",30,1,"Habiles",10:24:00,,"Vuelta"
"Barrio Policial",30,1,"Habiles",10:30:00,,"Vuelta"
"Barrio Policial",30,1,"Habiles",10:36:00,,"Vuelta"
"Barrio Policial",30,1,"Habiles",10:44:00,,"Vuelta"
"Barrio Policial",30,1,"Habiles",10:48:00,,"Vuelta"
"Barrio Policial",30,1,"Habiles",10:54:00,,"Vuelta"
"Barrio Policial",30,1,"Habiles",11:00:00,,"Vuelta"
"Barrio Policial",30,1,"Habiles",11:08:00,,"Vuelta"
"Barrio Policial",30,1,"Habiles",11:12:00,,"Vuelta"
"Barrio Policial",30,1,"Habiles",11:18:00,,"Vuelta"
"Barrio Policial",30,1,"Habiles",11:24:00,,"Vuelta"
"Barrio Policial",30,1,"Habiles",11:32:00,,"Vuelta"
"Barrio Policial",30,1,"Habiles",11:36:00,,"Vuelta"
"Barrio Policial",30,1,"Habiles",11:42:00,,"Vuelta"
"Barrio Policial",30,1,"Habiles",11:48:00,,"Vuelta"
"Barrio Policial",30,1,"Habiles",11:56:00,,"Vuelta"
"Barrio Policial",30,1,"Habiles",12:00:00,,"Vuelta"
"Barrio Policial",30,1,"Habiles",12:06:00,,"Vuelta"
"Barrio Policial",30,1,"Habiles",12:12:00,,"Vuelta"
"Barrio Policial",30,1,"Habiles",12:20:00,,"Vuelta"
"Barrio Policial",30,1,"Habiles",12:24:00,,"Vuelta"
"Barrio Policial",30,1,"Habiles",12:30:00,,"Vuelta"
"Barrio Policial",30,1,"Habiles",12:36:00,,"Vuelta"
"Barrio Policial",30,1,"Habiles",12:44:00,,"Vuelta"
"Barrio Policial",30,1,"Habiles",12:48:00,,"Vuelta"
"Barrio Policial",30,1,"Habiles",12:54:00,,"Vuelta"
"Barrio Policial",30,1,"Habiles",13:00:00,,"Vuelta"
"Barrio Policial",30,1,"Habiles",13:08:00,,"Vuelta"
"Barrio Policial",30,1,"Habiles",13:12:00,,"Vuelta"
"Barrio Policial",30,1,"Habiles",13:18:00,,"Vuelta"
"Barrio Policial",30,1,"Habiles",13:24:00,,"Vuelta"
"Barrio Policial",30,1,"Habiles",13:32:00,,"Vuelta"
"Barrio Policial",30,1,"Habiles",13:36:00,,"Vuelta"
"Barrio Policial",30,1,"Habiles",13:42:00,,"Vuelta"
"Barrio Policial",30,1,"Habiles",13:48:00,,"Vuelta"
"Barrio Policial",30,1,"Habiles",14:00:00,,"Vuelta"
"Barrio Policial",30,1,"Habiles",14:08:00,,"Vuelta"
"Barrio Policial",30,1,"Habiles",14:17:00,,"Vuelta"
"Barrio Policial",30,1,"Habiles",14:29:00,,"Vuelta"
"Barrio Policial",30,1,"Habiles",14:38:00,,"Vuelta"
"Barrio Policial",30,1,"Habiles",14:49:00,,"Vuelta"
"Barrio Policial",30,1,"Habiles",15:00:00,,"Vuelta"
"Barrio Policial",30,1,"Habiles",15:10:00,,"Vuelta"
"Barrio Policial",30,1,"Habiles",15:21:00,,"Vuelta"
"Barrio Policial",30,1,"Habiles",15:33:00,,"Vuelta"
"Barrio Policial",30,1,"Habiles",15:42:00,,"Vuelta"
"Barrio Policial",30,1,"Habiles",15:53:00,,"Vuelta"
"Barrio Policial",30,1,"Habiles",16:03:00,,"Vuelta"
"Barrio Policial",30,1,"Habiles",16:14:00,,"Vuelta"
"Barrio Policial",30,1,"Habiles",16:24:00,,"Vuelta"
"Barrio Policial",30,1,"Habiles",16:36:00,,"Vuelta"
"Barrio Policial",30,1,"Habiles",16:46:00,,"Vuelta"
"Barrio Policial",30,1,"Habiles",16:57:00,,"Vuelta"
"Barrio Policial",30,1,"Habiles",17:09:00,,"Vuelta"
"Barrio Policial",30,1,"Habiles",17:16:00,,"Vuelta"
"Barrio Policial",30,1,"Habiles",17:22:00,,"Vuelta"
"Barrio Policial",30,1,"Habiles",17:28:00,,"Vuelta"
"Barrio Policial",30,1,"Habiles",17:36:00,,"Vuelta"
"Barrio Policial",30,1,"Habiles",17:40:00,,"Vuelta"
"Barrio Policial",30,1,"Habiles",17:46:00,,"Vuelta"
"Barrio Policial",30,1,"Habiles",17:52:00,,"Vuelta"
"Barrio Policial",30,1,"Habiles",18:00:00,,"Vuelta"
"Barrio Policial",30,1,"Habiles",18:04:00,,"Vuelta"
"Barrio Policial",30,1,"Habiles",18:10:00,,"Vuelta"
"Barrio Policial",30,1,"Habiles",18:16:00,,"Vuelta"
"Barrio Policial",30,1,"Habiles",18:24:00,,"Vuelta"
"Barrio Policial",30,1,"Habiles",18:28:00,,"Vuelta"
"Barrio Policial",30,1,"Habiles",18:34:00,,"Vuelta"
"Barrio Policial",30,1,"Habiles",18:40:00,,"Vuelta"
"Barrio Policial",30,1,"Habiles",18:48:00,,"Vuelta"
"Barrio Policial",30,1,"Habiles",18:52:00,,"Vuelta"
"Barrio Policial",30,1,"Habiles",18:58:00,,"Vuelta"
"Barrio Policial",30,1,"Habiles",19:04:00,,"Vuelta"
"Barrio Policial",30,1,"Habiles",19:12:00,,"Vuelta"
"Barrio Policial",30,1,"Habiles",19:16:00,,"Vuelta"
"Barrio Policial",30,1,"Habiles",19:22:00,,"Vuelta"
"Barrio Policial",30,1,"Habiles",19:28:00,,"Vuelta"
"Barrio Policial",30,1,"Habiles",19:36:00,,"Vuelta"
"Barrio Policial",30,1,"Habiles",19:40:00,,"Vuelta"
"Barrio Policial",30,1,"Habiles",19:46:00,,"Vuelta"
"Barrio Policial",30,1,"Habiles",19:50:00,,"Vuelta"
"Barrio Policial",30,1,"Habiles",20:00:00,,"Vuelta"
"Barrio Policial",30,1,"Habiles",20:04:00,,"Vuelta"
"Barrio Policial",30,1,"Habiles",20:10:00,,"Vuelta"
"Barrio Policial",30,1,"Habiles",20:16:00,,"Vuelta"
"Barrio Policial",30,1,"Habiles",20:24:00,,"Vuelta"
"Barrio Policial",30,1,"Habiles",20:28:00,,"Vuelta"
"Barrio Policial",30,1,"Habiles",20:36:00,,"Vuelta"
"Barrio Policial",30,1,"Habiles",20:44:00,,"Vuelta"
"Barrio Policial",30,1,"Habiles",20:53:00,,"Vuelta"
"Barrio Policial",30,1,"Habiles",20:59:00,,"Vuelta"
"Barrio Policial",30,1,"Habiles",21:07:00,,"Vuelta"
"Barrio Policial",30,1,"Habiles",21:16:00,,"Vuelta"
"Barrio Policial",30,1,"Habiles",21:24:00,,"Vuelta"
"Barrio Policial",30,1,"Habiles",21:30:00,,"Vuelta"
"Barrio Policial",30,1,"Habiles",21:37:00,,"Vuelta"
"Barrio Policial",30,1,"Habiles",21:46:00,,"Vuelta"
"Barrio Policial",30,1,"Habiles",21:55:00,,"Vuelta"
"Barrio Policial",30,1,"Habiles",22:00:00,,"Vuelta"
"Barrio Policial",30,1,"Habiles",22:08:00,,"Vuelta"
"Barrio Policial",30,1,"Habiles",22:22:00,,"Vuelta"
"Barrio Policial",30,1,"Habiles",22:29:00,,"Vuelta"
"Barrio Policial",30,1,"Habiles",22:40:00,,"Vuelta"
"Barrio Policial",30,1,"Habiles",22:55:00,,"Vuelta"
"Barrio Policial",30,1,"Habiles",23:04:00,,"Vuelta"
"Barrio Policial",30,1,"Habiles",23:17:00,,"Vuelta"
"Barrio Policial",30,1,"Habiles",23:38:00,,"Vuelta"
"Barrio Policial",30,1,"Habiles",23:48:00,,"Vuelta"
"Barrio Policial",30,1,"Habiles",23:55:00,,"Vuelta"
"Barrio Policial",30,1,"Habiles",0:20:00,,"Vuelta"
"Barrio Policial",30,1,"Habiles",0:48:00,,"Vuelta"
"Churruarin y Rondeau",31,1,"Habiles",5:45:00,,"Vuelta"
"Churruarin y Rondeau",31,1,"Habiles",6:03:00,,"Vuelta"
"Churruarin y Rondeau",31,1,"Habiles",6:12:00,,"Vuelta"
"Churruarin y Rondeau",31,1,"Habiles",6:25:00,,"Vuelta"
"Churruarin y Rondeau",31,1,"Habiles",6:32:00,,"Vuelta"
"Churruarin y Rondeau",31,1,"Habiles",6:38:00,,"Vuelta"
"Churruarin y Rondeau",31,1,"Habiles",6:55:00,,"Vuelta"
"Churruarin y Rondeau",31,1,"Habiles",7:02:00,,"Vuelta"
"Churruarin y Rondeau",31,1,"Habiles",7:08:00,,"Vuelta"
"Churruarin y Rondeau",31,1,"Habiles",7:15:00,,"Vuelta"
"Churruarin y Rondeau",31,1,"Habiles",7:20:00,,"Vuelta"
"Churruarin y Rondeau",31,1,"Habiles",7:27:00,,"Vuelta"
"Churruarin y Rondeau",31,1,"Habiles",7:35:00,,"Vuelta"
"Churruarin y Rondeau",31,1,"Habiles",7:40:00,,"Vuelta"
"Churruarin y Rondeau",31,1,"Habiles",7:47:00,,"Vuelta"
"Churruarin y Rondeau",31,1,"Habiles",7:54:00,,"Vuelta"
"Churruarin y Rondeau",31,1,"Habiles",8:00:00,,"Vuelta"
"Churruarin y Rondeau",31,1,"Habiles",8:07:00,,"Vuelta"
"Churruarin y Rondeau",31,1,"Habiles",8:12:00,,"Vuelta"
"Churruarin y Rondeau",31,1,"Habiles",8:18:00,,"Vuelta"
"Churruarin y Rondeau",31,1,"Habiles",8:25:00,,"Vuelta"
"Churruarin y Rondeau",31,1,"Habiles",8:31:00,,"Vuelta"
"Churruarin y Rondeau",31,1,"Habiles",8:36:00,,"Vuelta"
"Churruarin y Rondeau",31,1,"Habiles",8:42:00,,"Vuelta"
"Churruarin y Rondeau",31,1,"Habiles",8:48:00,,"Vuelta"
"Churruarin y Rondeau",31,1,"Habiles",8:54:00,,"Vuelta"
"Churruarin y Rondeau",31,1,"Habiles",9:00:00,,"Vuelta"
"Churruarin y Rondeau",31,1,"Habiles",9:07:00,,"Vuelta"
"Churruarin y Rondeau",31,1,"Habiles",9:14:00,,"Vuelta"
"Churruarin y Rondeau",31,1,"Habiles",9:20:00,,"Vuelta"
"Churruarin y Rondeau",31,1,"Habiles",9:26:00,,"Vuelta"
"Churruarin y Rondeau",31,1,"Habiles",9:32:00,,"Vuelta"
"Churruarin y Rondeau",31,1,"Habiles",9:38:00,,"Vuelta"
"Churruarin y Rondeau",31,1,"Habiles",9:44:00,,"Vuelta"
"Churruarin y Rondeau",31,1,"Habiles",9:50:00,,"Vuelta"
"Churruarin y Rondeau",31,1,"Habiles",9:56:00,,"Vuelta"
"Churruarin y Rondeau",31,1,"Habiles",10:02:00,,"Vuelta"
"Churruarin y Rondeau",31,1,"Habiles",10:08:00,,"Vuelta"
"Churruarin y Rondeau",31,1,"Habiles",10:14:00,,"Vuelta"
"Churruarin y Rondeau",31,1,"Habiles",10:20:00,,"Vuelta"
"Churruarin y Rondeau",31,1,"Habiles",10:26:00,,"Vuelta"
"Churruarin y Rondeau",31,1,"Habiles",10:32:00,,"Vuelta"
"Churruarin y Rondeau",31,1,"Habiles",10:38:00,,"Vuelta"
"Churruarin y Rondeau",31,1,"Habiles",10:44:00,,"Vuelta"
"Churruarin y Rondeau",31,1,"Habiles",10:50:00,,"Vuelta"
"Churruarin y Rondeau",31,1,"Habiles",10:56:00,,"Vuelta"
"Churruarin y Rondeau",31,1,"Habiles",11:02:00,,"Vuelta"
"Churruarin y Rondeau",31,1,"Habiles",11:08:00,,"Vuelta"
"Churruarin y Rondeau",31,1,"Habiles",11:14:00,,"Vuelta"
"Churruarin y Rondeau",31,1,"Habiles",11:20:00,,"Vuelta"
"Churruarin y Rondeau",31,1,"Habiles",11:26:00,,"Vuelta"
"Churruarin y Rondeau",31,1,"Habiles",11:32:00,,"Vuelta"
"Churruarin y Rondeau",31,1,"Habiles",11:38:00,,"Vuelta"
"Churruarin y Rondeau",31,1,"Habiles",11:44:00,,"Vuelta"
"Churruarin y Rondeau",31,1,"Habiles",11:50:00,,"Vuelta"
"Churruarin y Rondeau",31,1,"Habiles",11:56:00,,"Vuelta"
"Churruarin y Rondeau",31,1,"Habiles",12:02:00,,"Vuelta"
"Churruarin y Rondeau",31,1,"Habiles",12:08:00,,"Vuelta"
"Churruarin y Rondeau",31,1,"Habiles",12:14:00,,"Vuelta"
"Churruarin y Rondeau",31,1,"Habiles",12:20:00,,"Vuelta"
"Churruarin y Rondeau",31,1,"Habiles",12:26:00,,"Vuelta"
"Churruarin y Rondeau",31,1,"Habiles",12:32:00,,"Vuelta"
"Churruarin y Rondeau",31,1,"Habiles",12:38:00,,"Vuelta"
"Churruarin y Rondeau",31,1,"Habiles",12:44:00,,"Vuelta"
"Churruarin y Rondeau",31,1,"Habiles",12:50:00,,"Vuelta"
"Churruarin y Rondeau",31,1,"Habiles",12:56:00,,"Vuelta"
"Churruarin y Rondeau",31,1,"Habiles",13:02:00,,"Vuelta"
"Churruarin y Rondeau",31,1,"Habiles",13:08:00,,"Vuelta"
"Churruarin y Rondeau",31,1,"Habiles",13:14:00,,"Vuelta"
"Churruarin y Rondeau",31,1,"Habiles",13:20:00,,"Vuelta"
"Churruarin y Rondeau",31,1,"Habiles",13:26:00,,"Vuelta"
"Churruarin y Rondeau",31,1,"Habiles",13:32:00,,"Vuelta"
"Churruarin y Rondeau",31,1,"Habiles",13:38:00,,"Vuelta"
"Churruarin y Rondeau",31,1,"Habiles",13:48:00,,"Vuelta"
"Churruarin y Rondeau",31,1,"Habiles",13:58:00,,"Vuelta"
"Churruarin y Rondeau",31,1,"Habiles",14:07:00,,"Vuelta"
"Churruarin y Rondeau",31,1,"Habiles",14:17:00,,"Vuelta"
"Churruarin y Rondeau",31,1,"Habiles",14:28:00,,"Vuelta"
"Churruarin y Rondeau",31,1,"Habiles",14:39:00,,"Vuelta"
"Churruarin y Rondeau",31,1,"Habiles",14:48:00,,"Vuelta"
"Churruarin y Rondeau",31,1,"Habiles",15:00:00,,"Vuelta"
"Churruarin y Rondeau",31,1,"Habiles",15:11:00,,"Vuelta"
"Churruarin y Rondeau",31,1,"Habiles",15:21:00,,"Vuelta"
"Churruarin y Rondeau",31,1,"Habiles",15:32:00,,"Vuelta"
"Churruarin y Rondeau",31,1,"Habiles",15:43:00,,"Vuelta"
"Churruarin y Rondeau",31,1,"Habiles",15:51:00,,"Vuelta"
"Churruarin y Rondeau",31,1,"Habiles",16:04:00,,"Vuelta"
"Churruarin y Rondeau",31,1,"Habiles",16:14:00,,"Vuelta"
"Churruarin y Rondeau",31,1,"Habiles",16:25:00,,"Vuelta"
"Churruarin y Rondeau",31,1,"Habiles",16:36:00,,"Vuelta"
"Churruarin y Rondeau",31,1,"Habiles",16:47:00,,"Vuelta"
"Churruarin y Rondeau",31,1,"Habiles",16:57:00,,"Vuelta"
"Churruarin y Rondeau",31,1,"Habiles",17:06:00,,"Vuelta"
"Churruarin y Rondeau",31,1,"Habiles",17:12:00,,"Vuelta"
"Churruarin y Rondeau",31,1,"Habiles",17:18:00,,"Vuelta"
"Churruarin y Rondeau",31,1,"Habiles",17:24:00,,"Vuelta"
"Churruarin y Rondeau",31,1,"Habiles",17:30:00,,"Vuelta"
"Churruarin y Rondeau",31,1,"Habiles",17:36:00,,"Vuelta"
"Churruarin y Rondeau",31,1,"Habiles",17:42:00,,"Vuelta"
"Churruarin y Rondeau",31,1,"Habiles",17:48:00,,"Vuelta"
"Churruarin y Rondeau",31,1,"Habiles",17:54:00,,"Vuelta"
"Churruarin y Rondeau",31,1,"Habiles",18:00:00,,"Vuelta"
"Churruarin y Rondeau",31,1,"Habiles",18:06:00,,"Vuelta"
"Churruarin y Rondeau",31,1,"Habiles",18:12:00,,"Vuelta"
"Churruarin y Rondeau",31,1,"Habiles",18:18:00,,"Vuelta"
"Churruarin y Rondeau",31,1,"Habiles",18:24:00,,"Vuelta"
"Churruarin y Rondeau",31,1,"Habiles",18:30:00,,"Vuelta"
"Churruarin y Rondeau",31,1,"Habiles",18:36:00,,"Vuelta"
"Churruarin y Rondeau",31,1,"Habiles",18:42:00,,"Vuelta"
"Churruarin y Rondeau",31,1,"Habiles",18:48:00,,"Vuelta"
"Churruarin y Rondeau",31,1,"Habiles",18:54:00,,"Vuelta"
"Churruarin y Rondeau",31,1,"Habiles",19:00:00,,"Vuelta"
"Churruarin y Rondeau",31,1,"Habiles",19:06:00,,"Vuelta"
"Churruarin y Rondeau",31,1,"Habiles",19:12:00,,"Vuelta"
"Churruarin y Rondeau",31,1,"Habiles",19:18:00,,"Vuelta"
"Churruarin y Rondeau",31,1,"Habiles",19:24:00,,"Vuelta"
"Churruarin y Rondeau",31,1,"Habiles",19:30:00,,"Vuelta"
"Churruarin y Rondeau",31,1,"Habiles",19:36:00,,"Vuelta"
"Churruarin y Rondeau",31,1,"Habiles",19:41:00,,"Vuelta"
"Churruarin y Rondeau",31,1,"Habiles",19:48:00,,"Vuelta"
"Churruarin y Rondeau",31,1,"Habiles",19:54:00,,"Vuelta"
"Churruarin y Rondeau",31,1,"Habiles",20:00:00,,"Vuelta"
"Churruarin y Rondeau",31,1,"Habiles",20:06:00,,"Vuelta"
"Churruarin y Rondeau",31,1,"Habiles",20:12:00,,"Vuelta"
"Churruarin y Rondeau",31,1,"Habiles",20:18:00,,"Vuelta"
"Churruarin y Rondeau",31,1,"Habiles",20:26:00,,"Vuelta"
"Churruarin y Rondeau",31,1,"Habiles",20:34:00,,"Vuelta"
"Churruarin y Rondeau",31,1,"Habiles",20:41:00,,"Vuelta"
"Churruarin y Rondeau",31,1,"Habiles",20:49:00,,"Vuelta"
"Churruarin y Rondeau",31,1,"Habiles",20:57:00,,"Vuelta"
"Churruarin y Rondeau",31,1,"Habiles",21:06:00,,"Vuelta"
"Churruarin y Rondeau",31,1,"Habiles",21:12:00,,"Vuelta"
"Churruarin y Rondeau",31,1,"Habiles",21:20:00,,"Vuelta"
"Churruarin y Rondeau",31,1,"Habiles",21:28:00,,"Vuelta"
"Churruarin y Rondeau",31,1,"Habiles",21:37:00,,"Vuelta"
"Churruarin y Rondeau",31,1,"Habiles",21:43:00,,"Vuelta"
"Churruarin y Rondeau",31,1,"Habiles",21:51:00,,"Vuelta"
"Churruarin y Rondeau",31,1,"Habiles",21:59:00,,"Vuelta"
"Churruarin y Rondeau",31,1,"Habiles",22:10:00,,"Vuelta"
"Churruarin y Rondeau",31,1,"Habiles",22:20:00,,"Vuelta"
"Churruarin y Rondeau",31,1,"Habiles",22:31:00,,"Vuelta"
"Churruarin y Rondeau",31,1,"Habiles",22:43:00,,"Vuelta"
"Churruarin y Rondeau",31,1,"Habiles",22:55:00,,"Vuelta"
"Churruarin y Rondeau",31,1,"Habiles",23:08:00,,"Vuelta"
"Churruarin y Rondeau",31,1,"Habiles",23:26:00,,"Vuelta"
"Churruarin y Rondeau",31,1,"Habiles",23:39:00,,"Vuelta"
"Churruarin y Rondeau",31,1,"Habiles",23:45:00,,"Vuelta"
"Churruarin y Rondeau",31,1,"Habiles",0:10:00,,"Vuelta"
"Churruarin y Rondeau",31,1,"Habiles",0:38:00,,"Vuelta"
"5 Esquinas",32,1,"Habiles",5:40:00,,"Vuelta"
"5 Esquinas",32,1,"Habiles",5:58:00,,"Vuelta"
"5 Esquinas",32,1,"Habiles",6:07:00,,"Vuelta"
"5 Esquinas",32,1,"Habiles",6:20:00,,"Vuelta"
"5 Esquinas",32,1,"Habiles",6:27:00,,"Vuelta"
"5 Esquinas",32,1,"Habiles",6:33:00,,"Vuelta"
"5 Esquinas",32,1,"Habiles",6:50:00,,"Vuelta"
"5 Esquinas",32,1,"Habiles",6:57:00,,"Vuelta"
"5 Esquinas",32,1,"Habiles",7:03:00,,"Vuelta"
"5 Esquinas",32,1,"Habiles",7:10:00,,"Vuelta"
"5 Esquinas",32,1,"Habiles",7:15:00,,"Vuelta"
"5 Esquinas",32,1,"Habiles",7:22:00,,"Vuelta"
"5 Esquinas",32,1,"Habiles",7:29:00,,"Vuelta"
"5 Esquinas",32,1,"Habiles",7:35:00,,"Vuelta"
"5 Esquinas",32,1,"Habiles",7:41:00,,"Vuelta"
"5 Esquinas",32,1,"Habiles",7:48:00,,"Vuelta"
"5 Esquinas",32,1,"Habiles",7:54:00,,"Vuelta"
"5 Esquinas",32,1,"Habiles",8:01:00,,"Vuelta"
"5 Esquinas",32,1,"Habiles",8:06:00,,"Vuelta"
"5 Esquinas",32,1,"Habiles",8:12:00,,"Vuelta"
"5 Esquinas",32,1,"Habiles",8:19:00,,"Vuelta"
"5 Esquinas",32,1,"Habiles",8:25:00,,"Vuelta"
"5 Esquinas",32,1,"Habiles",8:30:00,,"Vuelta"
"5 Esquinas",32,1,"Habiles",8:36:00,,"Vuelta"
"5 Esquinas",32,1,"Habiles",8:42:00,,"Vuelta"
"5 Esquinas",32,1,"Habiles",8:48:00,,"Vuelta"
"5 Esquinas",32,1,"Habiles",8:54:00,,"Vuelta"
"5 Esquinas",32,1,"Habiles",9:01:00,,"Vuelta"
"5 Esquinas",32,1,"Habiles",9:08:00,,"Vuelta"
"5 Esquinas",32,1,"Habiles",9:14:00,,"Vuelta"
"5 Esquinas",32,1,"Habiles",9:20:00,,"Vuelta"
"5 Esquinas",32,1,"Habiles",9:26:00,,"Vuelta"
"5 Esquinas",32,1,"Habiles",9:32:00,,"Vuelta"
"5 Esquinas",32,1,"Habiles",9:38:00,,"Vuelta"
"5 Esquinas",32,1,"Habiles",9:44:00,,"Vuelta"
"5 Esquinas",32,1,"Habiles",9:50:00,,"Vuelta"
"5 Esquinas",32,1,"Habiles",9:56:00,,"Vuelta"
"5 Esquinas",32,1,"Habiles",10:02:00,,"Vuelta"
"5 Esquinas",32,1,"Habiles",10:08:00,,"Vuelta"
"5 Esquinas",32,1,"Habiles",10:14:00,,"Vuelta"
"5 Esquinas",32,1,"Habiles",10:20:00,,"Vuelta"
"5 Esquinas",32,1,"Habiles",10:26:00,,"Vuelta"
"5 Esquinas",32,1,"Habiles",10:32:00,,"Vuelta"
"5 Esquinas",32,1,"Habiles",10:38:00,,"Vuelta"
"5 Esquinas",32,1,"Habiles",10:44:00,,"Vuelta"
"5 Esquinas",32,1,"Habiles",10:50:00,,"Vuelta"
"5 Esquinas",32,1,"Habiles",10:56:00,,"Vuelta"
"5 Esquinas",32,1,"Habiles",11:02:00,,"Vuelta"
"5 Esquinas",32,1,"Habiles",11:08:00,,"Vuelta"
"5 Esquinas",32,1,"Habiles",11:14:00,,"Vuelta"
"5 Esquinas",32,1,"Habiles",11:20:00,,"Vuelta"
"5 Esquinas",32,1,"Habiles",11:26:00,,"Vuelta"
"5 Esquinas",32,1,"Habiles",11:32:00,,"Vuelta"
"5 Esquinas",32,1,"Habiles",11:38:00,,"Vuelta"
"5 Esquinas",32,1,"Habiles",11:44:00,,"Vuelta"
"5 Esquinas",32,1,"Habiles",11:50:00,,"Vuelta"
"5 Esquinas",32,1,"Habiles",11:56:00,,"Vuelta"
"5 Esquinas",32,1,"Habiles",12:02:00,,"Vuelta"
"5 Esquinas",32,1,"Habiles",12:08:00,,"Vuelta"
"5 Esquinas",32,1,"Habiles",12:14:00,,"Vuelta"
"5 Esquinas",32,1,"Habiles",12:20:00,,"Vuelta"
"5 Esquinas",32,1,"Habiles",12:26:00,,"Vuelta"
"5 Esquinas",32,1,"Habiles",12:32:00,,"Vuelta"
"5 Esquinas",32,1,"Habiles",12:38:00,,"Vuelta"
"5 Esquinas",32,1,"Habiles",12:44:00,,"Vuelta"
"5 Esquinas",32,1,"Habiles",12:50:00,,"Vuelta"
"5 Esquinas",32,1,"Habiles",12:56:00,,"Vuelta"
"5 Esquinas",32,1,"Habiles",13:02:00,,"Vuelta"
"5 Esquinas",32,1,"Habiles",13:08:00,,"Vuelta"
"5 Esquinas",32,1,"Habiles",13:14:00,,"Vuelta"
"5 Esquinas",32,1,"Habiles",13:20:00,,"Vuelta"
"5 Esquinas",32,1,"Habiles",13:26:00,,"Vuelta"
"5 Esquinas",32,1,"Habiles",13:32:00,,"Vuelta"
"5 Esquinas",32,1,"Habiles",13:42:00,,"Vuelta"
"5 Esquinas",32,1,"Habiles",13:52:00,,"Vuelta"
"5 Esquinas",32,1,"Habiles",14:02:00,,"Vuelta"
"5 Esquinas",32,1,"Habiles",14:12:00,,"Vuelta"
"5 Esquinas",32,1,"Habiles",14:23:00,,"Vuelta"
"5 Esquinas",32,1,"Habiles",14:34:00,,"Vuelta"
"5 Esquinas",32,1,"Habiles",14:43:00,,"Vuelta"
"5 Esquinas",32,1,"Habiles",14:55:00,,"Vuelta"
"5 Esquinas",32,1,"Habiles",15:06:00,,"Vuelta"
"5 Esquinas",32,1,"Habiles",15:16:00,,"Vuelta"
"5 Esquinas",32,1,"Habiles",15:27:00,,"Vuelta"
"5 Esquinas",32,1,"Habiles",15:38:00,,"Vuelta"
"5 Esquinas",32,1,"Habiles",15:46:00,,"Vuelta"
"5 Esquinas",32,1,"Habiles",15:59:00,,"Vuelta"
"5 Esquinas",32,1,"Habiles",16:09:00,,"Vuelta"
"5 Esquinas",32,1,"Habiles",16:20:00,,"Vuelta"
"5 Esquinas",32,1,"Habiles",16:31:00,,"Vuelta"
"5 Esquinas",32,1,"Habiles",16:42:00,,"Vuelta"
"5 Esquinas",32,1,"Habiles",16:51:00,,"Vuelta"
"5 Esquinas",32,1,"Habiles",17:00:00,,"Vuelta"
"5 Esquinas",32,1,"Habiles",17:06:00,,"Vuelta"
"5 Esquinas",32,1,"Habiles",17:12:00,,"Vuelta"
"5 Esquinas",32,1,"Habiles",17:18:00,,"Vuelta"
"5 Esquinas",32,1,"Habiles",17:24:00,,"Vuelta"
"5 Esquinas",32,1,"Habiles",17:30:00,,"Vuelta"
"5 Esquinas",32,1,"Habiles",17:36:00,,"Vuelta"
"5 Esquinas",32,1,"Habiles",17:42:00,,"Vuelta"
"5 Esquinas",32,1,"Habiles",17:48:00,,"Vuelta"
"5 Esquinas",32,1,"Habiles",17:54:00,,"Vuelta"
"5 Esquinas",32,1,"Habiles",18:00:00,,"Vuelta"
"5 Esquinas",32,1,"Habiles",18:06:00,,"Vuelta"
"5 Esquinas",32,1,"Habiles",18:12:00,,"Vuelta"
"5 Esquinas",32,1,"Habiles",18:18:00,,"Vuelta"
"5 Esquinas",32,1,"Habiles",18:24:00,,"Vuelta"
"5 Esquinas",32,1,"Habiles",18:30:00,,"Vuelta"
"5 Esquinas",32,1,"Habiles",18:36:00,,"Vuelta"
"5 Esquinas",32,1,"Habiles",18:42:00,,"Vuelta"
"5 Esquinas",32,1,"Habiles",18:48:00,,"Vuelta"
"5 Esquinas",32,1,"Habiles",18:54:00,,"Vuelta"
"5 Esquinas",32,1,"Habiles",19:00:00,,"Vuelta"
"5 Esquinas",32,1,"Habiles",19:06:00,,"Vuelta"
"5 Esquinas",32,1,"Habiles",19:12:00,,"Vuelta"
"5 Esquinas",32,1,"Habiles",19:18:00,,"Vuelta"
"5 Esquinas",32,1,"Habiles",19:24:00,,"Vuelta"
"5 Esquinas",32,1,"Habiles",19:30:00,,"Vuelta"
"5 Esquinas",32,1,"Habiles",19:36:00,,"Vuelta"
"5 Esquinas",32,1,"Habiles",19:42:00,,"Vuelta"
"5 Esquinas",32,1,"Habiles",19:48:00,,"Vuelta"
"5 Esquinas",32,1,"Habiles",19:54:00,,"Vuelta"
"5 Esquinas",32,1,"Habiles",20:00:00,,"Vuelta"
"5 Esquinas",32,1,"Habiles",20:06:00,,"Vuelta"
"5 Esquinas",32,1,"Habiles",20:12:00,,"Vuelta"
"5 Esquinas",32,1,"Habiles",20:20:00,,"Vuelta"
"5 Esquinas",32,1,"Habiles",20:28:00,,"Vuelta"
"5 Esquinas",32,1,"Habiles",20:35:00,,"Vuelta"
"5 Esquinas",32,1,"Habiles",20:43:00,,"Vuelta"
"5 Esquinas",32,1,"Habiles",20:51:00,,"Vuelta"
"5 Esquinas",32,1,"Habiles",21:00:00,,"Vuelta"
"5 Esquinas",32,1,"Habiles",21:06:00,,"Vuelta"
"5 Esquinas",32,1,"Habiles",21:14:00,,"Vuelta"
"5 Esquinas",32,1,"Habiles",21:22:00,,"Vuelta"
"5 Esquinas",32,1,"Habiles",21:31:00,,"Vuelta"
"5 Esquinas",32,1,"Habiles",21:38:00,,"Vuelta"
"5 Esquinas",32,1,"Habiles",21:46:00,,"Vuelta"
"5 Esquinas",32,1,"Habiles",21:54:00,,"Vuelta"
"5 Esquinas",32,1,"Habiles",22:05:00,,"Vuelta"
"5 Esquinas",32,1,"Habiles",22:15:00,,"Vuelta"
"5 Esquinas",32,1,"Habiles",22:26:00,,"Vuelta"
"5 Esquinas",32,1,"Habiles",22:38:00,,"Vuelta"
"5 Esquinas",32,1,"Habiles",22:50:00,,"Vuelta"
"5 Esquinas",32,1,"Habiles",23:03:00,,"Vuelta"
"5 Esquinas",32,1,"Habiles",23:21:00,,"Vuelta"
"5 Esquinas",32,1,"Habiles",23:34:00,,"Vuelta"
"5 Esquinas",32,1,"Habiles",23:40:00,,"Vuelta"
"5 Esquinas",32,1,"Habiles",0:05:00,,"Vuelta"
"5 Esquinas",32,1,"Habiles",0:33:00,,"Vuelta"
"Hospital Roballos / Toma Nueva",34,1,"Habiles",5:15:00,,"Vuelta"
"Hospital Roballos / Toma Nueva",34,1,"Habiles",5:35:00,,"Vuelta"
"Hospital Roballos / Toma Nueva",34,1,"Habiles",5:54:00,,"Vuelta"
"Hospital Roballos / Toma Nueva",34,1,"Habiles",6:32:00,,"Vuelta"
"Hospital Roballos / Toma Nueva",34,1,"Habiles",6:56:00,,"Vuelta"
"Hospital Roballos / Toma Nueva",34,1,"Habiles",7:21:00,,"Vuelta"
"Hospital Roballos / Toma Nueva",34,1,"Habiles",7:45:00,,"Vuelta"
"Hospital Roballos / Toma Nueva",34,1,"Habiles",8:08:00,,"Vuelta"
"Hospital Roballos / Toma Nueva",34,1,"Habiles",8:34:00,,"Vuelta"
"Hospital Roballos / Toma Nueva",34,1,"Habiles",8:58:00,,"Vuelta"
"Hospital Roballos / Toma Nueva",34,1,"Habiles",9:22:00,,"Vuelta"
"Hospital Roballos / Toma Nueva",34,1,"Habiles",9:46:00,,"Vuelta"
"Hospital Roballos / Toma Nueva",34,1,"Habiles",10:10:00,,"Vuelta"
"Hospital Roballos / Toma Nueva",34,1,"Habiles",10:34:00,,"Vuelta"
"Hospital Roballos / Toma Nueva",34,1,"Habiles",10:58:00,,"Vuelta"
"Hospital Roballos / Toma Nueva",34,1,"Habiles",11:22:00,,"Vuelta"
"Hospital Roballos / Toma Nueva",34,1,"Habiles",11:46:00,,"Vuelta"
"Hospital Roballos / Toma Nueva",34,1,"Habiles",12:10:00,,"Vuelta"
"Hospital Roballos / Toma Nueva",34,1,"Habiles",12:34:00,,"Vuelta"
"Hospital Roballos / Toma Nueva",34,1,"Habiles",13:02:00,,"Vuelta"
"Hospital Roballos / Toma Nueva",34,1,"Habiles",13:32:00,,"Vuelta"
"Hospital Roballos / Toma Nueva",34,1,"Habiles",14:03:00,,"Vuelta"
"Hospital Roballos / Toma Nueva",34,1,"Habiles",14:36:00,,"Vuelta"
"Hospital Roballos / Toma Nueva",34,1,"Habiles",15:06:00,,"Vuelta"
"Hospital Roballos / Toma Nueva",34,1,"Habiles",15:40:00,,"Vuelta"
"Hospital Roballos / Toma Nueva",34,1,"Habiles",16:11:00,,"Vuelta"
"Hospital Roballos / Toma Nueva",34,1,"Habiles",16:38:00,,"Vuelta"
"Hospital Roballos / Toma Nueva",34,1,"Habiles",17:02:00,,"Vuelta"
"Hospital Roballos / Toma Nueva",34,1,"Habiles",17:26:00,,"Vuelta"
"Hospital Roballos / Toma Nueva",34,1,"Habiles",17:50:00,,"Vuelta"
"Hospital Roballos / Toma Nueva",34,1,"Habiles",18:14:00,,"Vuelta"
"Hospital Roballos / Toma Nueva",34,1,"Habiles",18:38:00,,"Vuelta"
"Hospital Roballos / Toma Nueva",34,1,"Habiles",19:02:00,,"Vuelta"
"Hospital Roballos / Toma Nueva",34,1,"Habiles",19:26:00,,"Vuelta"
"Hospital Roballos / Toma Nueva",34,1,"Habiles",19:55:00,,"Vuelta"
"Hospital Roballos / Toma Nueva",34,1,"Habiles",20:26:00,,"Vuelta"
"Hospital Roballos / Toma Nueva",34,1,"Habiles",20:59:00,,"Vuelta"
"Hospital Roballos / Toma Nueva",34,1,"Habiles",21:26:00,,"Vuelta"
"Hospital Roballos / Toma Nueva",34,1,"Habiles",21:59:00,,"Vuelta"
"Hospital Roballos / Toma Nueva",34,1,"Habiles",22:42:00,,"Vuelta"
"Hospital Roballos / Toma Nueva",34,1,"Habiles",23:03:00,,"Vuelta"
"Hospital Roballos / Toma Nueva",34,1,"Habiles",23:30:00,,"Vuelta"
"Hospital Roballos / Toma Nueva",34,1,"Habiles",0:00:00,,"Vuelta"
"Plaza Alvear",35,1,"Habiles",5:32:00,,"Vuelta"
"Plaza Alvear",35,1,"Habiles",5:49:00,,"Vuelta"
"Plaza Alvear",35,1,"Habiles",5:59:00,,"Vuelta"
"Plaza Alvear",35,1,"Habiles",6:11:00,,"Vuelta"
"Plaza Alvear",35,1,"Habiles",6:18:00,,"Vuelta"
"Plaza Alvear",35,1,"Habiles",6:24:00,,"Vuelta"
"Plaza Alvear",35,1,"Habiles",6:39:00,,"Vuelta"
"Plaza Alvear",35,1,"Habiles",6:46:00,,"Vuelta"
"Plaza Alvear",35,1,"Habiles",6:52:00,,"Vuelta"
"Plaza Alvear",35,1,"Habiles",7:00:00,,"Vuelta"
"Plaza Alvear",35,1,"Habiles",7:05:00,,"Vuelta"
"Plaza Alvear",35,1,"Habiles",7:12:00,,"Vuelta"
"Plaza Alvear",35,1,"Habiles",7:18:00,,"Vuelta"
"Plaza Alvear",35,1,"Habiles",7:24:00,,"Vuelta"
"Plaza Alvear",35,1,"Habiles",7:30:00,,"Vuelta"
"Plaza Alvear",35,1,"Habiles",7:37:00,,"Vuelta"
"Plaza Alvear",35,1,"Habiles",7:43:00,,"Vuelta"
"Plaza Alvear",35,1,"Habiles",7:49:00,,"Vuelta"
"Plaza Alvear",35,1,"Habiles",7:55:00,,"Vuelta"
"Plaza Alvear",35,1,"Habiles",8:01:00,,"Vuelta"
"Plaza Alvear",35,1,"Habiles",8:07:00,,"Vuelta"
"Plaza Alvear",35,1,"Habiles",8:13:00,,"Vuelta"
"Plaza Alvear",35,1,"Habiles",8:18:00,,"Vuelta"
"Plaza Alvear",35,1,"Habiles",8:24:00,,"Vuelta"
"Plaza Alvear",35,1,"Habiles",8:30:00,,"Vuelta"
"Plaza Alvear",35,1,"Habiles",8:36:00,,"Vuelta"
"Plaza Alvear",35,1,"Habiles",8:42:00,,"Vuelta"
"Plaza Alvear",35,1,"Habiles",8:49:00,,"Vuelta"
"Plaza Alvear",35,1,"Habiles",8:56:00,,"Vuelta"
"Plaza Alvear",35,1,"Habiles",9:02:00,,"Vuelta"
"Plaza Alvear",35,1,"Habiles",9:08:00,,"Vuelta"
"Plaza Alvear",35,1,"Habiles",9:14:00,,"Vuelta"
"Plaza Alvear",35,1,"Habiles",9:20:00,,"Vuelta"
"Plaza Alvear",35,1,"Habiles",9:26:00,,"Vuelta"
"Plaza Alvear",35,1,"Habiles",9:32:00,,"Vuelta"
"Plaza Alvear",35,1,"Habiles",9:38:00,,"Vuelta"
"Plaza Alvear",35,1,"Habiles",9:44:00,,"Vuelta"
"Plaza Alvear",35,1,"Habiles",9:50:00,,"Vuelta"
"Plaza Alvear",35,1,"Habiles",9:56:00,,"Vuelta"
"Plaza Alvear",35,1,"Habiles",10:02:00,,"Vuelta"
"Plaza Alvear",35,1,"Habiles",10:08:00,,"Vuelta"
"Plaza Alvear",35,1,"Habiles",10:14:00,,"Vuelta"
"Plaza Alvear",35,1,"Habiles",10:20:00,,"Vuelta"
"Plaza Alvear",35,1,"Habiles",10:26:00,,"Vuelta"
"Plaza Alvear",35,1,"Habiles",10:32:00,,"Vuelta"
"Plaza Alvear",35,1,"Habiles",10:38:00,,"Vuelta"
"Plaza Alvear",35,1,"Habiles",10:44:00,,"Vuelta"
"Plaza Alvear",35,1,"Habiles",10:50:00,,"Vuelta"
"Plaza Alvear",35,1,"Habiles",10:56:00,,"Vuelta"
"Plaza Alvear",35,1,"Habiles",11:02:00,,"Vuelta"
"Plaza Alvear",35,1,"Habiles",11:08:00,,"Vuelta"
"Plaza Alvear",35,1,"Habiles",11:14:00,,"Vuelta"
"Plaza Alvear",35,1,"Habiles",11:20:00,,"Vuelta"
"Plaza Alvear",35,1,"Habiles",11:26:00,,"Vuelta"
"Plaza Alvear",35,1,"Habiles",11:32:00,,"Vuelta"
"Plaza Alvear",35,1,"Habiles",11:38:00,,"Vuelta"
"Plaza Alvear",35,1,"Habiles",11:44:00,,"Vuelta"
"Plaza Alvear",35,1,"Habiles",11:50:00,,"Vuelta"
"Plaza Alvear",35,1,"Habiles",11:56:00,,"Vuelta"
"Plaza Alvear",35,1,"Habiles",12:02:00,,"Vuelta"
"Plaza Alvear",35,1,"Habiles",12:08:00,,"Vuelta"
"Plaza Alvear",35,1,"Habiles",12:14:00,,"Vuelta"
"Plaza Alvear",35,1,"Habiles",12:20:00,,"Vuelta"
"Plaza Alvear",35,1,"Habiles",12:26:00,,"Vuelta"
"Plaza Alvear",35,1,"Habiles",12:32:00,,"Vuelta"
"Plaza Alvear",35,1,"Habiles",12:38:00,,"Vuelta"
"Plaza Alvear",35,1,"Habiles",12:44:00,,"Vuelta"
"Plaza Alvear",35,1,"Habiles",12:50:00,,"Vuelta"
"Plaza Alvear",35,1,"Habiles",12:56:00,,"Vuelta"
"Plaza Alvear",35,1,"Habiles",13:02:00,,"Vuelta"
"Plaza Alvear",35,1,"Habiles",13:08:00,,"Vuelta"
"Plaza Alvear",35,1,"Habiles",13:14:00,,"Vuelta"
"Plaza Alvear",35,1,"Habiles",13:20:00,,"Vuelta"
"Plaza Alvear",35,1,"Habiles",13:30:00,,"Vuelta"
"Plaza Alvear",35,1,"Habiles",13:40:00,,"Vuelta"
"Plaza Alvear",35,1,"Habiles",13:50:00,,"Vuelta"
"Plaza Alvear",35,1,"Habiles",14:00:00,,"Vuelta"
"Plaza Alvear",35,1,"Habiles",14:11:00,,"Vuelta"
"Plaza Alvear",35,1,"Habiles",14:22:00,,"Vuelta"
"Plaza Alvear",35,1,"Habiles",14:31:00,,"Vuelta"
"Plaza Alvear",35,1,"Habiles",14:43:00,,"Vuelta"
"Plaza Alvear",35,1,"Habiles",14:54:00,,"Vuelta"
"Plaza Alvear",35,1,"Habiles",15:04:00,,"Vuelta"
"Plaza Alvear",35,1,"Habiles",15:15:00,,"Vuelta"
"Plaza Alvear",35,1,"Habiles",15:26:00,,"Vuelta"
"Plaza Alvear",35,1,"Habiles",15:34:00,,"Vuelta"
"Plaza Alvear",35,1,"Habiles",15:47:00,,"Vuelta"
"Plaza Alvear",35,1,"Habiles",15:58:00,,"Vuelta"
"Plaza Alvear",35,1,"Habiles",16:08:00,,"Vuelta"
"Plaza Alvear",35,1,"Habiles",16:19:00,,"Vuelta"
"Plaza Alvear",35,1,"Habiles",16:30:00,,"Vuelta"
"Plaza Alvear",35,1,"Habiles",16:39:00,,"Vuelta"
"Plaza Alvear",35,1,"Habiles",16:48:00,,"Vuelta"
"Plaza Alvear",35,1,"Habiles",16:54:00,,"Vuelta"
"Plaza Alvear",35,1,"Habiles",17:00:00,,"Vuelta"
"Plaza Alvear",35,1,"Habiles",17:06:00,,"Vuelta"
"Plaza Alvear",35,1,"Habiles",17:12:00,,"Vuelta"
"Plaza Alvear",35,1,"Habiles",17:18:00,,"Vuelta"
"Plaza Alvear",35,1,"Habiles",17:24:00,,"Vuelta"
"Plaza Alvear",35,1,"Habiles",17:30:00,,"Vuelta"
"Plaza Alvear",35,1,"Habiles",17:36:00,,"Vuelta"
"Plaza Alvear",35,1,"Habiles",17:42:00,,"Vuelta"
"Plaza Alvear",35,1,"Habiles",17:48:00,,"Vuelta"
"Plaza Alvear",35,1,"Habiles",17:54:00,,"Vuelta"
"Plaza Alvear",35,1,"Habiles",18:00:00,,"Vuelta"
"Plaza Alvear",35,1,"Habiles",18:06:00,,"Vuelta"
"Plaza Alvear",35,1,"Habiles",18:12:00,,"Vuelta"
"Plaza Alvear",35,1,"Habiles",18:18:00,,"Vuelta"
"Plaza Alvear",35,1,"Habiles",18:24:00,,"Vuelta"
"Plaza Alvear",35,1,"Habiles",18:30:00,,"Vuelta"
"Plaza Alvear",35,1,"Habiles",18:36:00,,"Vuelta"
"Plaza Alvear",35,1,"Habiles",18:42:00,,"Vuelta"
"Plaza Alvear",35,1,"Habiles",18:48:00,,"Vuelta"
"Plaza Alvear",35,1,"Habiles",18:54:00,,"Vuelta"
"Plaza Alvear",35,1,"Habiles",19:00:00,,"Vuelta"
"Plaza Alvear",35,1,"Habiles",19:06:00,,"Vuelta"
"Plaza Alvear",35,1,"Habiles",19:12:00,,"Vuelta"
"Plaza Alvear",35,1,"Habiles",19:18:00,,"Vuelta"
"Plaza Alvear",35,1,"Habiles",19:24:00,,"Vuelta"
"Plaza Alvear",35,1,"Habiles",19:30:00,,"Vuelta"
"Plaza Alvear",35,1,"Habiles",19:36:00,,"Vuelta"
"Plaza Alvear",35,1,"Habiles",19:42:00,,"Vuelta"
"Plaza Alvear",35,1,"Habiles",19:48:00,,"Vuelta"
"Plaza Alvear",35,1,"Habiles",19:54:00,,"Vuelta"
"Plaza Alvear",35,1,"Habiles",20:00:00,,"Vuelta"
"Plaza Alvear",35,1,"Habiles",20:08:00,,"Vuelta"
"Plaza Alvear",35,1,"Habiles",20:16:00,,"Vuelta"
"Plaza Alvear",35,1,"Habiles",20:23:00,,"Vuelta"
"Plaza Alvear",35,1,"Habiles",20:31:00,,"Vuelta"
"Plaza Alvear",35,1,"Habiles",20:39:00,,"Vuelta"
"Plaza Alvear",35,1,"Habiles",20:48:00,,"Vuelta"
"Plaza Alvear",35,1,"Habiles",20:54:00,,"Vuelta"
"Plaza Alvear",35,1,"Habiles",21:02:00,,"Vuelta"
"Plaza Alvear",35,1,"Habiles",21:10:00,,"Vuelta"
"Plaza Alvear",35,1,"Habiles",21:19:00,,"Vuelta"
"Plaza Alvear",35,1,"Habiles",21:27:00,,"Vuelta"
"Plaza Alvear",35,1,"Habiles",21:35:00,,"Vuelta"
"Plaza Alvear",35,1,"Habiles",21:43:00,,"Vuelta"
"Plaza Alvear",35,1,"Habiles",21:54:00,,"Vuelta"
"Plaza Alvear",35,1,"Habiles",22:03:00,,"Vuelta"
"Plaza Alvear",35,1,"Habiles",22:15:00,,"Vuelta"
"Plaza Alvear",35,1,"Habiles",22:27:00,,"Vuelta"
"Plaza Alvear",35,1,"Habiles",22:39:00,,"Vuelta"
"Plaza Alvear",35,1,"Habiles",22:53:00,,"Vuelta"
"Plaza Alvear",35,1,"Habiles",23:10:00,,"Vuelta"
"Plaza Alvear",35,1,"Habiles",23:24:00,,"Vuelta"
"Plaza Alvear",35,1,"Habiles",23:29:00,,"Vuelta"
"Plaza Alvear",35,1,"Habiles",23:55:00,,"Vuelta"
"Plaza Alvear",35,1,"Habiles",0:24:00,,"Vuelta"
